district,province,id,name,type,service_plan,bed_all,bed_icu,bed_NICU,bed_CCU,bed_ICU_otherwards,bed_ICU_all,operation_room,CMI_255 8,IP_2558,day_spent_2015,TotalAdjRW_ 2558,OP_Visit_ 2558
1,เชยีงราย,10674,รพ.เชยีงรายประชานุเคราะห์,โรงพยาบาลศูนย์,A,788,32,8,6,0,46,14,1.75,73719,308721,129114.8,979282
1,เชยีงราย,11192,รพ.แมจ่ัน,โรงพยาบาลชุมชน,M2,101,4,0,0,0,4,2,0.7,9744,36100,6825.12,255343
1,เชยีงราย,11194,รพ.แมส่าย,โรงพยาบาลชุมชน,M2,97,0,0,0,0,0,4,0.68,10432,33414,7085.41,177721
1,เชยีงราย,11189,รพ.เทงิ,โรงพยาบาลชุมชน,F1,66,0,0,0,0,0,1,0.61,5138,16759,3122.88,170314
1,เชยีงราย,11190,รพ.พาน,โรงพยาบาลชุมชน,F1,118,0,0,0,0,0,2,0.69,11103,34285,7008.65,315366
1,เชยีงราย,11196,รพ.เวยีงป่าเป้า,โรงพยาบาลชุมชน,F1,64,0,0,0,0,0,1,0.53,6161,17965,3257,177919
1,เชยีงราย,11454,รพ.สมเด็จพระยพุราชเชยีงของ,โรงพยาบาลชุมชน,F1,68,0,0,0,0,0,2,0.64,5472,23966,3228.37,142300
1,เชยีงราย,11199,รพ.ขนุตาล,โรงพยาบาลชุมชน,F2,34,0,0,0,0,0,0,0.61,2097,7148,1288.19,87469
1,เชยีงราย,11193,รพ.เชยีงแสน,โรงพยาบาลชุมชน,F2,60,0,0,0,0,0,1,0.54,4577,13384,2449.61,92774
1,เชยีงราย,11191,รพ.ป่าแดด,โรงพยาบาลชุมชน,F2,30,0,0,0,0,0,0,0.64,2273,6645,1455.63,96655
1,เชยีงราย,11197,รพ.พญาเม็งราย,โรงพยาบาลชุมชน,F2,48,0,0,0,0,0,1,0.63,3106,9981,1969,131213
1,เชยีงราย,11200,รพ.แมฟ่้าหลวง,โรงพยาบาลชุมชน,F2,30,0,0,0,0,0,0,0.52,2507,7019,1311.41,57766
1,เชยีงราย,11201,รพ.แมล่าว,โรงพยาบาลชุมชน,F2,30,0,0,0,0,0,1,0.74,2422,5651,1800.27,74532
1,เชยีงราย,11195,รพ.แมส่รวย,โรงพยาบาลชุมชน,F2,59,0,0,0,0,0,0,0.55,5833,21413,3229,170205
1,เชยีงราย,11198,รพ.เวยีงแกน่,โรงพยาบาลชุมชน,F2,30,0,0,0,0,0,0,0.44,2234,6073,990,90777
1,เชยีงราย,11202,รพ.เวยีงเชยีงรุง้,โรงพยาบาลชุมชน,F2,30,0,0,0,0,0,1,0.64,2528,7036,1622.72,72109
1,เชยีงราย,15012,รพ.สมเด็จพระญาณสงัวร,โรงพยาบาลชุมชน,F2,30,0,0,0,0,0,1,0.72,2882,8029,2073.95,148630
1,เชยีงราย,28823,รพ.ดอยหลวง,โรงพยาบาลชุมชน,F3,0,0,0,0,0,0,0,,,,,
1,เชยีงใหม่,10713,รพ.นครพงิค์,โรงพยาบาลศูนย์,A,609,69,24,12,0,105,18,1.85,51048,277340,94211.54,640128
1,เชยีงใหม่,11119,รพ.จอมทอง,โรงพยาบาลทั่วไป,M1,210,10,6,0,0,16,4,1.15,16814,67367,19254,324003
1,เชยีงใหม่,11125,รพ.ฝาง,โรงพยาบาลทั่วไป,M1,210,8,8,0,0,16,7,1.08,13915,61196,15137,308430
1,เชยีงใหม่,11130,รพ.สนัทราย,โรงพยาบาลชุมชน,M2,46,0,14,0,0,14,2,0.81,6752,27986,5481,172067
1,เชยีงใหม่,11128,รพ.สนัป่าตอง,โรงพยาบาลชุมชน,M2,160,7,0,0,5,12,4,0.98,13314,42381,1300.49,269011
1,เชยีงใหม่,11121,รพ.เชยีงดาว,โรงพยาบาลชุมชน,F1,89,0,0,0,0,0,1,0.62,6998,21526,4351,165379
1,เชยีงใหม่,11131,รพ.หางดง,โรงพยาบาลชุมชน,F1,88,0,0,0,0,0,2,0.76,7512,29990,5758.57,182269
1,เชยีงใหม่,11137,รพ.ไชยปราการ,โรงพยาบาลชุมชน,F2,45,0,0,0,0,0,1,0.55,3435,10718,1892,97891
1,เชยีงใหม่,11133,รพ.ดอยเตา่,โรงพยาบาลชุมชน,F2,30,0,0,0,0,0,0,0.57,3081,7321,1761,77454
1,เชยีงใหม่,11122,รพ.ดอยสะเก็ด,โรงพยาบาลชุมชน,F2,60,0,0,0,0,0,1,0.65,4513,15632,2954,130503
1,เชยีงใหม่,11643,รพ.ดอยหลอ่,โรงพยาบาลชุมชน,F2,30,0,0,0,0,0,0,0.65,1793,6723,1161,57572
1,เชยีงใหม่,11120,"รพ.เทพรัตนเวชชานุกลูเฉลมิ
พระเกยีรติ๖๐พรรษา",โรงพยาบาลชุมชน,F2,60,0,0,0,0,0,2,0.47,4826,10455,2314.87,98557
1,เชยีงใหม่,11127,รพ.พรา้ว,โรงพยาบาลชุมชน,F2,67,0,0,0,0,0,1,0.61,4151,12934,2513,118868
1,เชยีงใหม่,11123,รพ.แมแ่ตง,โรงพยาบาลชุมชน,F2,62,0,0,0,0,0,1,0.61,4873,15924,2956,137428
1,เชยีงใหม่,11138,รพ.แมว่าง,โรงพยาบาลชุมชน,F2,30,0,0,0,0,0,1,0.48,4521,11424,2174,75027
1,เชยีงใหม่,11139,รพ.แมอ่อน,โรงพยาบาลชุมชน,F2,29,0,0,0,0,0,1,0.62,2206,7369,1368,61698
1,เชยีงใหม่,11126,รพ.แมอ่าย,โรงพยาบาลชุมชน,F2,70,0,0,0,0,0,1,0.69,5728,18996,3946,132799
1,เชยีงใหม่,11136,รพ.เวยีงแหง,โรงพยาบาลชุมชน,F2,36,0,0,0,0,0,1,0.52,1495,4844,778,48330
1,เชยีงใหม่,11124,รพ.สะเมงิ,โรงพยาบาลชุมชน,F2,32,0,0,0,0,0,1,0.6,2467,8111,1480,53084
1,เชยีงใหม่,11129,รพ.สนักาแพง,โรงพยาบาลชุมชน,F2,30,0,0,0,0,0,0,0.86,3565,10631,3071,116989
1,เชยีงใหม่,11135,รพ.สารภี,โรงพยาบาลชุมชน,F2,47,0,0,0,0,0,1,0.7,4424,15880,3097.24,176812
1,เชยีงใหม่,11134,รพ.อมกอ๋ย,โรงพยาบาลชุมชน,F2,60,0,0,0,0,0,1,0.51,4506,13896,2274,74899
1,เชยีงใหม่,11132,รพ.ฮอด,โรงพยาบาลชุมชน,F2,77,0,0,0,0,0,1,0.53,4389,13857,2340,143064
1,เชยีงใหม่,23736,"รพ.วดัจันทรเ์ฉลมิพระเกยีรติ
๘๐พรรษา",โรงพยาบาลชุมชน,F3,10,0,0,0,0,0,0,0.48,1514,3947,727,25577
1,น่าน,10716,รพ.น่าน,โรงพยาบาลทั่วไป,S,502,24,8,0,0,32,12,1.42,37863,173736,53728,362698
1,น่าน,11453,รพ.สมเด็จพระยพุราชปัว,โรงพยาบาลชุมชน,M2,105,8,0,0,0,8,4,0.84,7614,31497,6384,169672
1,น่าน,11625,รพ.เฉลมิพระเกยีรติ,โรงพยาบาลชุมชน,F2,30,0,0,0,0,0,0,0.53,1248,3818,659,25223
1,น่าน,11179,รพ.เชยีงกลาง,โรงพยาบาลชุมชน,F2,42,0,0,0,0,0,0,0.61,2053,6035,1253,70407
1,น่าน,11176,รพ.ท่าวงัผา,โรงพยาบาลชุมชน,F2,49,0,0,0,0,0,0,0.63,4204,14404,2654,120881
1,น่าน,11178,รพ.ทุ่งชา้ง,โรงพยาบาลชุมชน,F2,30,0,0,0,0,0,0,0.57,1833,6287,1053,51082
1,น่าน,11175,รพ.นานอ้ย,โรงพยาบาลชุมชน,F2,43,0,0,0,0,0,0,0.63,3018,10045,1894,76120
1,น่าน,11180,รพ.นาหมนื่,โรงพยาบาลชุมชน,F2,30,0,0,0,0,0,0,0.62,1497,4317,925,39437
1,น่าน,11182,รพ.บ่อเกลอื,โรงพยาบาลชุมชน,F2,21,0,0,0,0,0,0,0.58,1361,4901,793,28882
1,น่าน,11174,รพ.บา้นหลวง,โรงพยาบาลชุมชน,F2,30,0,0,0,0,0,0,0.66,1287,3492,845,45591
1,น่าน,11173,รพ.แมจ่รมิ,โรงพยาบาลชุมชน,F2,34,0,0,0,0,0,0,0.61,1704,5438,1044,39241
1,น่าน,11177,รพ.เวยีงสา,โรงพยาบาลชุมชน,F2,84,0,0,0,0,0,1,0.65,5453,18318,3551,112642
1,น่าน,11183,รพ.สองแคว,โรงพยาบาลชุมชน,F2,30,0,0,0,0,0,0,0.54,1294,3721,693,25482
1,น่าน,11181,รพ.สนัตสิขุ,โรงพยาบาลชุมชน,F2,30,0,0,0,0,0,0,0.65,1288,4451,841,46015
1,น่าน,25017,รพ.ภเูพยีง,โรงพยาบาลชมุ  ชน,F3,0,0,0,0,0,0,0,,,,,24548
1,พะเยา,10717,รพ.พะเยา,โรงพยาบาลทั่วไป,S,400,10,6,0,0,16,10,1.34,27036,132725,36346,458076
1,พะเยา,10718,รพ.เชยีงคา,โรงพยาบาลทั่วไป,M1,231,10,0,0,0,10,8,1.19,18248,73565,21728,343989
1,พะเยา,11184,รพ.จุน,โรงพยาบาลชมุ  ชน,F2,59,0,0,0,0,0,0,0.65,3167,10764,2049,131379
1,พะเยา,11185,รพ.เชยีงมว่น,โรงพยาบาลชมุ  ชน,F2,30,0,0,0,0,0,0,0.58,2079,5966,1208,63395
1,พะเยา,11186,รพ.ดอกคาใต้,โรงพยาบาลชมุ  ชน,F2,86,0,0,0,0,0,1,0.59,6391,23496,3769,143972
1,พะเยา,11187,รพ.ปง,โรงพยาบาลชมุ  ชน,F2,36,0,0,0,0,0,0,0.67,3572,11056,2375,128357
1,พะเยา,11188,รพ.แมใ่จ,โรงพยาบาลชมุ  ชน,F2,34,0,0,0,0,0,0,0.65,1917,6769,1245,71239
1,พะเยา,40745,รพ.ภกูามยาว,โรงพยาบาลชมุ  ชน,F3,0,0,0,0,0,0,0,0,0,0,0,0
1,พะเยา,40744,รพ.ภซูาง,โรงพยาบาลชมุ  ชน,F3,0,0,0,0,0,0,0,0,0,0,0,0
1,แพร่,10715,รพ.แพร่,โรงพยาบาลทั่วไป,S,500,18,6,2,0,26,8,1.33,40264,183939,53350,506781
1,แพร่,11452,รพ.สมเด็จพระยพุราชเดน่ชยั,โรงพยาบาลชมุ  ชน,F1,34,0,0,0,0,0,1,0.62,3292,9344,2047,108730
1,แพร่,11166,รพ.รอ้งกวาง,โรงพยาบาลชมุ  ชน,F2,54,0,0,0,0,0,1,0.62,5442,14345,3358,101757
1,แพร่,11167,รพ.ลอง,โรงพยาบาลชมุ  ชน,F2,44,0,0,0,0,0,1,0.57,3115,8928,1783,106535
1,แพร่,11171,รพ.วงัชนิ้,โรงพยาบาลชมุ  ชน,F2,30,0,0,0,0,0,1,0.49,3900,9192,1927,106008
1,แพร่,11170,รพ.สอง,โรงพยาบาลชมุ  ชน,F2,35,0,0,0,0,0,1,0.51,3145,6836,1606,96568
1,แพร่,11169,รพ.สงูเมน่,โรงพยาบาลชมุ  ชน,F2,43,0,0,0,0,0,1,0.61,3495,9492,2144,118738
1,แพร่,11172,รพ.หนองมว่งไข่,โรงพยาบาลชมุ  ชน,F2,34,0,0,0,0,0,1,0.43,3372,7247,1440,72174
1,แมฮ่อ่งสอน,10719,รพ.ศรสีงัวาลย์,โรงพยาบาลทั่วไป,S,150,4,8,0,0,12,6,1.28,8036,41591,10261,179139
1,แมฮ่อ่งสอน,11205,รพ.แมส่ะเรยีง,โรงพยาบาลชมุ  ชน,M2,115,6,3,0,0,9,2,0.78,7609,27585,5945,129245
1,แมฮ่อ่งสอน,11204,รพ.ปาย,โรงพยาบาลชมุ  ชน,F1,60,2,0,0,0,2,2,0.5,4005,13969,2015,90591
1,แมฮ่อ่งสอน,11203,รพ.ขนุยวม,โรงพยาบาลชมุ  ชน,F2,37,0,0,0,0,0,1,0.48,3121,10011,1509,61351
1,แมฮ่อ่งสอน,11208,รพ.ปางมะผา้,โรงพยาบาลชมุ  ชน,F2,32,0,0,0,0,0,1,0.49,2378,8753,1168,56100
1,แมฮ่อ่งสอน,11206,รพ.แมล่านอ้ย,โรงพยาบาลชมุ  ชน,F2,30,0,0,0,0,0,1,0.45,2383,6495,1070,63196
1,แมฮ่อ่งสอน,11207,รพ.สบเมย,โรงพยาบาลชมุ  ชน,F2,30,0,0,0,0,0,1,0.44,1814,5684,800,41799
1,ลาปาง,10672,รพ.ลาปาง,โรงพยาบาลศนู  ย์,A,781,51,12,8,0,71,27,2.12,56140,253297,118850,779953
1,ลาปาง,11147,รพ.เกาะคา,โรงพยาบาลชมุ  ชน,M2,120,8,0,0,0,8,2,0.87,8730,32277,7396,175304
1,ลาปาง,11152,รพ.เถนิ,โรงพยาบาลชมุ  ชน,M2,60,0,0,0,0,0,1,0.76,5783,17237,4390,148921
1,ลาปาง,11149,รพ.งาว,โรงพยาบาลชมุ  ชน,F2,30,0,0,0,0,0,1,0.63,4295,11943,2713,130547
1,ลาปาง,11150,รพ.แจห้ม่,โรงพยาบาลชมุ  ชน,F2,30,0,0,0,0,0,1,0.66,2567,7633,1979,110745
1,ลาปาง,11157,รพ.เมอืงปาน,โรงพยาบาลชมุ  ชน,F2,33,0,0,0,0,0,1,0.67,3045,8627,2031,74022
1,ลาปาง,11154,รพ.แมท่ะ,โรงพยาบาลชมุ  ชน,F2,30,0,0,0,0,0,1,0.65,2586,5534,1675,113572
1,ลาปาง,11153,รพ.แมพ่รกิ,โรงพยาบาลชมุ  ชน,F2,30,0,0,0,0,0,0,0.66,1232,3500,811,48024
1,ลาปาง,11146,รพ.แมเ่มาะ,โรงพยาบาลชมุ  ชน,F2,30,0,0,0,0,0,1,0.66,2154,4918,1431,118421
1,ลาปาง,11151,รพ.วงัเหนอื,โรงพยาบาลชมุ  ชน,F2,43,0,0,0,0,0,1,0.54,4534,12730,2442,105400
1,ลาปาง,11155,รพ.สบปราบ,โรงพยาบาลชมุ  ชน,F2,35,0,0,0,0,0,1,0.67,2876,7681,1938,77704
1,ลาปาง,11148,รพ.เสรมิงาม,โรงพยาบาลชมุ  ชน,F2,30,0,0,0,0,0,1,0.62,2722,7248,1698,90615
1,ลาปาง,11156,รพ.หา้งฉัตร,โรงพยาบาลชมุ  ชน,F2,30,0,0,0,0,0,1,0.65,2973,7283,1918,125469
1,ลาพนู,10714,รพ.ลาพนู,โรงพยาบาลทั่วไป,S,411,32,7,0,4,43,11,1.35,33132,139790,42003,352031
1,ลาพนู,11142,รพ.ลี้,โรงพยาบาลชมุ  ชน,F1,60,0,0,0,0,0,1,0.62,5219,15829,3228,200441
1,ลาพนู,11143,รพ.ทุ่งหัวชา้ง,โรงพยาบาลชมุ  ชน,F2,30,0,0,0,0,0,1,0.6,2429,5855,1451,63591
1,ลาพนู,11145,รพ.บา้นธิ,โรงพยาบาลชมุ  ชน,F2,30,0,0,0,0,0,1,0.56,1937,5005,1092,92076
1,ลาพนู,11141,รพ.บา้นโฮง่,โรงพยาบาลชมุ  ชน,F2,30,0,0,0,0,0,1,0.65,3059,7357,1985,129974
1,ลาพนู,11144,รพ.ป่าซาง,โรงพยาบาลชมุ  ชน,F2,75,0,0,0,0,0,1,0.68,4670,13794,3187,151751
1,ลาพนู,11140,รพ.แมท่า,โรงพยาบาลชมุ  ชน,F2,31,0,0,0,0,0,1,0.63,2416,4557,1511,93415
1,ลาพนู,24956,รพ.เวยีงหนองลอ่ง,โรงพยาบาลชมุ  ชน,F3,30,0,0,0,0,0,0,0,,,,58889
2,ตาก,10723,รพ.แมส่อด,โรงพยาบาลทั่วไป,S,365,8,8,0,4,20,6,1.31,24367,120076,32020.67,380106
2,ตาก,10722,"รพ.สมเด็จพระเจา้ตากสนิ
มหาราช",โรงพยาบาลทั่วไป,S,310,8,8,0,0,16,9,1.1,20376,87141,22478.8,333789
2,ตาก,11241,รพ.ท่าสองยาง,โรงพยาบาลชมุ  ชน,M2,78,3,0,0,0,3,1,0.62,7638,19325,4698.9,83167
2,ตาก,11243,รพ.อุม้ผาง,โรงพยาบาลชมุ  ชน,M2,72,4,3,0,0,7,2,0.73,4487,20298,3274.61,67447
2,ตาก,11238,รพ.บา้นตาก,โรงพยาบาลชมุ  ชน,F2,60,0,0,0,0,0,1,0.7,3166,9792,2208.29,110544
2,ตาก,11242,รพ.พบพระ,โรงพยาบาลชมุ  ชน,F2,90,0,0,0,0,0,1,0.49,5302,18729,2623.96,85162
2,ตาก,11240,รพ.แมร่ะมาด,โรงพยาบาลชมุ  ชน,F1,100,0,0,0,0,0,2,0.62,7780,30006,4839.94,126448
2,ตาก,11239,รพ.สามเงา,โรงพยาบาลชมุ  ชน,F2,36,0,0,0,0,0,1,0.75,1837,8268,1377.02,80156
2,ตาก,27443,รพ.วงัเจา้,โรงพยาบาลชมุ  ชน,F3,0,0,0,0,0,0,0,0,0,0,0,18421
2,พษิณุโลก,10676,รพ.พทุธชนิราช,โรงพยาบาลศนู  ย์,A,1063,67,20,12,0,99,21,1.96,69740,376596,136774.09,899376
2,พษิณุโลก,11455,รพ.สมเด็จพระยพุราชนครไทย,โรงพยาบาลชมุ  ชน,M2,82,0,0,0,0,0,2,0.72,6995,21935,5056.69,145178
2,พษิณุโลก,11251,รพ.ชาตติระการ,โรงพยาบาลชมุ  ชน,F2,30,0,0,0,0,0,1,0.5,2974,7349,1489.08,83717
2,พษิณุโลก,11257,รพ.เนนิมะปราง,โรงพยาบาลชมุ  ชน,F2,30,0,0,0,0,0,1,0.58,3054,8725,1771.32,93837
2,พษิณุโลก,11253,รพ.บางกระทุ่ม,โรงพยาบาลชมุ  ชน,F2,30,0,0,0,0,0,1,0.63,2784,9748,1752.53,108338
2,พษิณุโลก,11252,รพ.บางระกา,โรงพยาบาลชมุ  ชน,F2,39,0,0,0,0,0,1,0.58,5265,13473,3067.39,148748
2,พษิณุโลก,11254,รพ.พรหมพริาม,โรงพยาบาลชมุ  ชน,F2,30,0,0,0,0,0,1,0.68,3647,13372,2472.3,117552
2,พษิณุโลก,11256,รพ.วงัทอง,โรงพยาบาลชมุ  ชน,F2,120,0,0,0,0,0,1,0.6,5580,21355,3367.53,150250
2,พษิณุโลก,11255,รพ.วดัโบสถ์,โรงพยาบาลชมุ  ชน,F2,30,0,0,0,0,0,1,0.71,3562,11472,2529.02,96106
2,เพชรบูรณ์,10727,รพ.เพชรบูรณ์,โรงพยาบาลทั่วไป,S,509,15,8,0,10,33,8,1.22,35058,184255,42930.1,381109
2,เพชรบูรณ์,11266,รพ.วเิชยีรบุรี,โรงพยาบาลชมุ  ชน,M2,190,8,7,0,10,25,8,0.9,16550,57123,14933.57,222007
2,เพชรบูรณ์,11265,รพ.หลม่สกั,โรงพยาบาลชมุ  ชน,M2,166,6,8,0,0,14,2,0.89,13272,48076,11757.63,261756
2,เพชรบูรณ์,11457,รพ.สมเด็จพระยพุราชหลม่เกา่,โรงพยาบาลชมุ  ชน,F1,121,0,2,0,0,2,2,0.84,7582,29085,6348.65,144048
2,เพชรบูรณ์,11268,รพ.หนองไผ่,โรงพยาบาลชมุ  ชน,F1,73,0,0,0,0,0,2,0.69,7740,31288,5310.83,154899
2,เพชรบูรณ์,11272,รพ.เขาคอ้,โรงพยาบาลชมุ  ชน,F2,30,0,0,0,0,0,1,0.56,3502,9925,1967.66,55753
2,เพชรบูรณ์,11264,รพ.ชนแดน,โรงพยาบาลชมุ  ชน,F2,60,0,0,0,0,0,2,0.68,6931,23367,4734.69,133156
2,เพชรบูรณ์,11269,รพ.บงึสามพัน,โรงพยาบาลชมุ  ชน,F2,60,0,0,0,0,0,2,0.63,7436,24212,4696.58,123546
2,เพชรบูรณ์,11271,รพ.วงัโป่ง,โรงพยาบาลชมุ  ชน,F2,30,0,0,0,0,0,1,0.62,2729,5066,1680.45,76463
2,เพชรบูรณ์,11267,รพ.ศรเีทพ,โรงพยาบาลชมุ  ชน,F2,58,0,0,0,0,0,1,0.72,3392,12909,2452.68,122279
2,เพชรบูรณ์,11270,รพ.น้าหนาว,โรงพยาบาลชมุ  ชน,F3,14,0,0,0,0,0,0,0.53,890,2459,470.84,35280
2,สโุขทัย,10724,รพ.สโุขทัย,โรงพยาบาลทั่วไป,S,320,13,6,0,0,19,6,1.35,17263,82379,23351.23,303241
2,สโุขทัย,10725,รพ.ศรสีงัวรสโุขทัย,โรงพยาบาลทั่วไป,M1,307,15,6,0,0,21,6,1.32,15393,79048,20246.92,276676
2,สโุขทัย,11248,รพ.สวรรคโลก,โรงพยาบาลชมุ  ชน,M2,106,0,0,0,0,0,2,0.84,7003,24350,5876.44,160709
2,สโุขทัย,11246,รพ.กงไกรลาศ,โรงพยาบาลชมุ  ชน,F2,34,0,0,0,0,0,1,0.62,3316,8843,2040.55,103093
2,สโุขทัย,11245,รพ.ครีมีาศ,โรงพยาบาลชมุ  ชน,F2,40,0,0,0,0,0,1,0.69,3537,13427,2430.18,109016
2,สโุขทัย,11250,รพ.ทุ่งเสลยี่ม,โรงพยาบาลชมุ  ชน,F2,43,0,0,0,0,0,1,0.65,2995,8920,1956.11,108659
2,สโุขทัย,11244,รพ.บา้นดา่นลานหอย,โรงพยาบาลชมุ  ชน,F2,35,0,0,0,0,0,1,0.59,3508,9250,2083.29,91640
2,สโุขทัย,11249,รพ.ศรนีคร,โรงพยาบาลชมุ  ชน,F2,31,0,0,0,0,0,1,0.68,1505,3836,1019.26,66163
2,สโุขทัย,11247,รพ.ศรสีชันาลัย,โรงพยาบาลชมุ  ชน,F2,70,0,0,0,0,0,1,0.7,5264,18965,3693.65,154981
2,อตุรดติถ์,10673,รพ.อตุรดติถ์,โรงพยาบาลศนู  ย์,A,620,0,8,8,40,56,9,1.59,43929,251115,70036.98,582666
2,อตุรดติถ์,11160,รพ.น้าปาด,โรงพยาบาลชมุ  ชน,F1,30,0,0,0,0,0,1,0.57,2965,6913,1694.91,75166
2,อตุรดติถ์,11158,รพ.ตรอน,โรงพยาบาลชมุ  ชน,F2,34,0,0,0,0,0,1,0.66,1899,6555,1253.07,82508
2,อตุรดติถ์,11165,รพ.ทองแสนขัน,โรงพยาบาลชมุ  ชน,F2,35,0,0,0,0,0,1,0.59,1806,7269,1061.2,65977
2,อตุรดติถ์,11159,รพ.ท่าปลา,โรงพยาบาลชมุ  ชน,F2,32,0,0,0,0,0,1,0.6,2688,7061,1606.45,86322
2,อตุรดติถ์,11162,รพ.บา้นโคก,โรงพยาบาลชมุ  ชน,F2,30,0,0,0,0,0,1,0.53,1180,3163,629.34,33793
2,อตุรดติถ์,11163,รพ.พชิยั,โรงพยาบาลชมุ  ชน,F2,60,0,0,0,0,0,1,0.6,5065,12770,3031.61,137637
2,อตุรดติถ์,11161,รพ.ฟากท่า,โรงพยาบาลชมุ  ชน,F2,30,0,0,0,0,0,1,0.56,1098,2601,619.97,31688
2,อตุรดติถ์,11164,รพ.ลับแล,โรงพยาบาลชมุ  ชน,F2,90,0,0,0,0,0,1,0.64,2327,9489,1497.69,97188
3,กาแพงเพชร,10721,รพ.กาแพงเพชร,โรงพยาบาลทั่วไป,S,410,8,8,0,12,28,9,1.39,39981,160081,55393.68,435352
3,กาแพงเพชร,11231,รพ.ขาณุวรลักษบุรี,โรงพยาบาลชมุ  ชน,M2,98,0,0,0,0,0,1,0.75,7381,25051,5555.74,152237
3,กาแพงเพชร,11232,รพ.คลองขลงุ,โรงพยาบาลชมุ  ชน,F1,98,0,0,0,0,0,2,0.65,7652,23957,4937,152508
3,กาแพงเพชร,11230,รพ.คลองลาน,โรงพยาบาลชมุ  ชน,F2,73,0,0,0,0,0,1,0.69,7056,18678,5034,128760
3,กาแพงเพชร,11235,รพ.ทรายทองวฒันา,โรงพยาบาลชมุ  ชน,F2,34,0,0,0,0,0,1,0.75,3091,8583,2291.78,95324
3,กาแพงเพชร,11229,รพ.ไทรงาม,โรงพยาบาลชมุ  ชน,F2,36,0,0,0,0,0,1,0.65,3278,10462,2119.23,87987
3,กาแพงเพชร,14135,รพ.บงึสามัคคี,โรงพยาบาลชมุ  ชน,F2,30,0,0,0,0,0,0,0.62,2764,7009,1722.52,58212
3,กาแพงเพชร,11236,รพ.ปางศลิาทอง,โรงพยาบาลชมุ  ชน,F2,30,0,0,0,0,0,1,0.49,2307,5788,1125.12,64349
3,กาแพงเพชร,11233,รพ.พรานกระตา่ย,โรงพยาบาลชมุ  ชน,F2,60,0,0,0,0,0,1,0.84,4543,14697,3843,125574
3,กาแพงเพชร,11234,รพ.ลานกระบอื,โรงพยาบาลชมุ  ชน,F2,30,0,0,0,0,0,0,0.59,2886,7601,1704.47,99534
3,กาแพงเพชร,28010,รพ.โกสมัพนีคร,โรงพยาบาลชมุ  ชน,F3,0,0,0,0,0,0,0,,,,,39299
3,กาแพงเพชร,11228,รพ.ทุ่งโพธทิ์ะเล,โรงพยาบาลชมุ  ชน,F3,10,0,0,0,0,0,1,0.56,933,2759,524.35,59671
3,ชยันาท,10694,รพ.ชยันาทนเรนทร,โรงพยาบาลทั่วไป,S,348,16,6,0,0,22,7,1.22,23711,108585,28844.43,343790
3,ชยันาท,10802,รพ.มโนรมย์,โรงพยาบาลชมุ  ชน,F2,30,0,0,0,0,0,1,0.55,2323,5046,1279.74,74816
3,ชยันาท,10803,รพ.วดัสงิห์,โรงพยาบาลชมุ  ชน,F2,38,0,0,0,0,0,1,0.62,2847,7981,1757.17,97060
3,ชยันาท,10805,รพ.สรรคบุรี,โรงพยาบาลชมุ  ชน,F2,41,0,0,0,0,0,1,0.65,3181,10640,2081.66,142140
3,ชยันาท,10804,รพ.สรรพยา,โรงพยาบาลชมุ  ชน,F2,30,0,0,0,0,0,1,0.79,1414,5019,1122,77213
3,ชยันาท,10806,รพ.หันคา,โรงพยาบาลชมุ  ชน,F2,30,0,0,0,0,0,1,0.73,2694,7969,1966.35,143386
3,ชยันาท,27975,รพ.เนนิขาม,โรงพยาบาลชมุ  ชน,F3,0,0,0,0,0,0,0,0,0,0,0,17502
3,ชยันาท,27974,รพ.หนองมะโมง,โรงพยาบาลชมุ  ชน,F3,0,0,0,0,0,0,0,0,0,0,0,32141
3,นครสวรรค์,10675,รพ.สวรรคป์ระชารักษ์,โรงพยาบาลศนู  ย์,A,659,24,8,4,0,36,12,1.99,47309,233066,94154.37,432585
3,นครสวรรค์,11214,รพ.ตาคลี,โรงพยาบาลชมุ  ชน,M2,118,5,0,0,0,5,2,0.77,7011,26049,5408.29,193754
3,นครสวรรค์,11218,รพ.ลาดยาว,โรงพยาบาลชมุ  ชน,M2,97,0,0,0,0,0,2,0.7,7087,32172,4591.4,195406
3,นครสวรรค์,11210,รพ.ชมุแสง,โรงพยาบาลชมุ  ชน,F1,60,0,0,0,0,0,1,0.71,6641,18219,4719.09,117338
3,นครสวรรค์,11215,รพ.ท่าตะโก,โรงพยาบาลชมุ  ชน,F1,68,0,0,0,0,0,2,,,,,117946
3,นครสวรรค์,11213,รพ.เกา้เลยี้ว,โรงพยาบาลชมุ  ชน,F2,35,0,0,0,0,0,0,0.54,2540,7299,1365,78455
3,นครสวรรค์,11209,รพ.โกรกพระ,โรงพยาบาลชมุ  ชน,F2,30,0,0,0,0,0,1,0.62,2054,7630,1266.7,98159
3,นครสวรรค์,11219,รพ.ตากฟ้า,โรงพยาบาลชมุ  ชน,F2,34,0,0,0,0,0,1,0.66,2541,9396,1686.21,94536
3,นครสวรรค์,11212,รพ.บรรพตพสิยั,โรงพยาบาลชมุ  ชน,F1,98,0,0,0,0,0,1,0.55,8125,28018,4491,180432
3,นครสวรรค์,11217,รพ.พยหุะครีี,โรงพยาบาลชมุ  ชน,F2,30,0,0,0,0,0,0,0.58,3397,10237,1958.27,95430
3,นครสวรรค์,11216,รพ.ไพศาลี,โรงพยาบาลชมุ  ชน,F2,60,0,0,0,0,0,1,,,,,124406
3,นครสวรรค์,11220,รพ.แมว่งก์,โรงพยาบาลชมุ  ชน,F2,35,0,0,0,0,0,1,,,,,64437
3,นครสวรรค์,11211,รพ.หนองบัว,โรงพยาบาลชมุ  ชน,F2,60,0,0,0,0,0,1,0.53,4264,16241,2224,140240
3,นครสวรรค์,40749,รพ.ชมุตาบง,โรงพยาบาลชมุ  ชน,F3,0,0,0,0,0,0,1,,,,,23387
3,พจิติร,10726,รพ.พจิติร,โรงพยาบาลทั่วไป,S,456,10,6,0,0,16,11,1.44,27370,133716,39436.45,358860
3,พจิติร,11260,รพ.บางมลูนาก,โรงพยาบาลชมุ  ชน,M2,92,3,1,0,0,4,2,0.74,6276,22485,4648.23,131203
3,พจิติร,11456,รพ.สมเด็จพระยพุราชตะพานหนิ,โรงพยาบาลชมุ  ชน,M2,100,4,0,0,0,4,3,0.85,9005,29835,7661.27,173905
3,พจิติร,11263,รพ.ทับคลอ้,โรงพยาบาลชมุ  ชน,F2,34,0,0,0,0,0,0,0.67,2232,6939,1504.2,85787
3,พจิติร,11261,รพ.โพทะเล,โรงพยาบาลชมุ  ชน,F2,49,0,0,0,0,0,0,0.66,3789,10521,2509.91,102759
3,พจิติร,11259,รพ.โพธป์ิระทับชา้ง,โรงพยาบาลชมุ  ชน,F2,35,0,0,0,0,0,0,0.62,2677,8054,1659.96,65915
3,พจิติร,11631,รพ.วชริบารมี,โรงพยาบาลชมุ  ชน,F2,34,0,0,0,0,0,0,0.6,2277,5962,1374.63,61711
3,พจิติร,11258,รพ.วงัทรายพนู,โรงพยาบาลชมุ  ชน,F2,35,0,0,0,0,0,0,0.9,2417,7982,2184.9,56670
3,พจิติร,11262,รพ.สามง่าม,โรงพยาบาลชมุ  ชน,F2,43,0,0,0,0,0,0,0.77,2059,7087,1583,60898
3,พจิติร,27980,รพ.ดงเจรญิ,โรงพยาบาลชมุ  ชน,F3,0,0,0,0,0,0,0,0,0,0,0,0
3,พจิติร,27979,รพ.บงึนาราง,โรงพยาบาลชมุ  ชน,F3,0,0,0,0,0,0,0,0,0,0,0,0
3,พจิติร,27978,รพ.สากเหล็ก,โรงพยาบาลชมุ  ชน,F3,0,0,0,0,0,0,0,0,0,0,0,0
3,อทุัยธานี,10720,รพ.อทุัยธานี,โรงพยาบาลทั่วไป,S,365,16,4,0,0,20,6,1.34,19686,98720,26344,397421
3,อทุัยธานี,11223,รพ.หนองฉาง,โรงพยาบาลชมุ  ชน,F1,90,0,0,0,0,0,1,0.6,6063,25083,3641,162893
3,อทุัยธานี,11221,รพ.ทัพทัน,โรงพยาบาลชมุ  ชน,F2,105,0,0,0,0,0,1,0.58,8044,26609,4657,171289
3,อทุัยธานี,11225,รพ.บา้นไร่,โรงพยาบาลชมุ  ชน,F2,65,0,0,0,0,0,1,0.51,5226,15244,2655,145811
3,อทุัยธานี,11226,รพ.ลานสกั,โรงพยาบาลชมุ  ชน,F2,60,0,0,0,0,0,1,0.62,5925,18813,3671.13,126399
3,อทุัยธานี,11222,รพ.สวา่งอารมณ์,โรงพยาบาลชมุ  ชน,F2,44,0,0,0,0,0,1,0.46,3718,12000,1707,78870
3,อทุัยธานี,11227,รพ.หว้ยคต,โรงพยาบาลชมุ  ชน,F2,30,0,0,0,0,0,1,0.52,2534,7871,1323,69428
3,อทุัยธานี,11224,รพ.หนองขาหยา่ง,โรงพยาบาลชมุ  ชน,F3,10,0,0,0,0,0,0,0.61,519,1252,318,39445
4,นครนายก,10698,รพ.นครนายก,โรงพยาบาลทั่วไป,S,314,12,6,0,0,18,6,1.2,21015,105478,25138.14,331318
4,นครนายก,10864,รพ.บา้นนา,โรงพยาบาลชมุ  ชน,F2,70,0,0,0,0,0,1,0.5,5312,14976,2650.69,158761
4,นครนายก,10865,รพ.องครักษ์,โรงพยาบาลชมุ  ชน,F2,33,0,0,0,0,0,0,0.54,2534,7735,1380.78,97782
4,นครนายก,10863,รพ.ปากพลี,โรงพยาบาลชมุ  ชน,F3,10,0,0,0,0,0,0,0.57,1252,3291,708.63,90107
4,นนทบุรี,10686,รพ.พระนั่งเกลา้,โรงพยาบาลศนู  ย์,A,515,24,8,0,14,46,11,1.48,33535,187323,50178,690280
4,นนทบุรี,10758,รพ.บางบัวทอง,โรงพยาบาลชมุ  ชน,M2,47,0,0,0,0,0,1,0.77,4866,12041,3736.6,206927
4,นนทบุรี,10757,รพ.บางใหญ่,โรงพยาบาลชมุ  ชน,M2,30,0,0,0,0,0,1,0.74,3329,12775,2467.12,232711
4,นนทบุรี,10756,รพ.บางกรวย,โรงพยาบาลชมุ  ชน,F1,30,0,0,0,0,0,1,0.74,2331,8562,1718.41,183347
4,นนทบุรี,10760,รพ.ปากเกร็ด,โรงพยาบาลชมุ  ชน,F1,35,0,0,0,0,0,1,0.67,3509,11303,2339.45,190061
4,นนทบุรี,10759,รพ.ไทรนอ้ย,โรงพยาบาลชมุ  ชน,F2,65,0,0,0,0,0,1,0.73,3905,13208,2869.39,218843
4,นนทบุรี,28875,รพ.บางบัวทอง๒,โรงพยาบาลชมุ  ชน,F3,10,0,0,0,0,0,0,0,0,0,0,24798
4,ปทุมธานี,10687,รพ.ปทุมธานี,โรงพยาบาลทั่วไป,S,380,14,12,0,23,49,8,1.3,30923,139010,40060.75,519729
4,ปทุมธานี,10762,รพ.ธัญบุรี,โรงพยาบาลชมุ  ชน,M2,66,0,0,0,0,0,1,0.62,4085,15852,2542.91,143518
4,ปทุมธานี,10761,รพ.คลองหลวง,โรงพยาบาลชมุ  ชน,F2,34,0,0,0,0,0,1,0.71,3198,11003,2285.61,221225
4,ปทุมธานี,10763,รพ.ประชาธปิัตย์,โรงพยาบาลชมุ  ชน,F2,30,0,0,0,0,0,1,0.68,1615,5925,1103.85,121851
4,ปทุมธานี,10765,รพ.ลาดหลมุแกว้,โรงพยาบาลชมุ  ชน,F2,31,0,0,0,0,0,1,0.57,1972,6237,1124.83,103137
4,ปทุมธานี,10766,รพ.ลาลกูกา,โรงพยาบาลชมุ  ชน,F2,36,0,0,0,0,0,1,0.6,3564,11429,2150.52,192288
4,ปทุมธานี,10764,รพ.หนองเสอื,โรงพยาบาลชมุ  ชน,F2,36,0,0,0,0,0,1,1.01,1984,6949,1994.71,85226
4,ปทุมธานี,10767,รพ.สามโคก,โรงพยาบาลชมุ  ชน,F3,30,0,0,0,0,0,0,0.56,1112,4251,621.27,50049
4,พระนครศรอียธุยา,10660,รพ.พระนครศรอียธุยา,โรงพยาบาลศนู  ย์,A,524,24,8,0,0,32,10,1.5,35545,194819,53402.81,487640
4,พระนครศรอียธุยา,10688,รพ.เสนา,โรงพยาบาลทั่วไป,M1,180,8,5,0,0,13,4,1.18,10790,59579,12765.65,288486
4,พระนครศรอียธุยา,10772,รพ.บางปะอนิ,โรงพยาบาลชมุ  ชน,M2,48,0,0,0,0,0,4,0.63,4023,13338,2424.2,153935
4,พระนครศรอียธุยา,10768,รพ.ท่าเรอื,โรงพยาบาลชมุ  ชน,F2,30,0,0,0,0,0,1,0.69,2304,7303,1590.22,129781
4,พระนครศรอียธุยา,10770,รพ.บางไทร,โรงพยาบาลชมุ  ชน,F2,30,0,0,0,0,0,1,0.57,2121,6707,1590.22,71698
4,พระนครศรอียธุยา,10771,รพ.บางบาล,โรงพยาบาลชมุ  ชน,F2,30,0,0,0,0,0,1,0.59,1320,4334,780.25,64118
4,พระนครศรอียธุยา,10773,รพ.บางปะหัน,โรงพยาบาลชมุ  ชน,F2,30,0,0,0,0,0,1,0.62,1952,6754,1210.04,95669
4,พระนครศรอียธุยา,10774,รพ.ผักไห่,โรงพยาบาลชมุ  ชน,F2,30,0,0,0,0,0,1,0.69,2236,6911,1550.44,88103
4,พระนครศรอียธุยา,10775,รพ.ภาชี,โรงพยาบาลชมุ  ชน,F2,30,0,0,0,0,0,1,0.67,2891,10710,1925.12,101780
4,พระนครศรอียธุยา,10776,รพ.ลาดบัวหลวง,โรงพยาบาลชมุ  ชน,F2,30,0,0,0,0,0,1,0.66,1912,6472,1253.7,91080
4,พระนครศรอียธุยา,10777,รพ.วงันอ้ย,โรงพยาบาลชมุ  ชน,F2,46,0,0,0,0,0,1,0.63,3041,10086,1907.92,118513
4,พระนครศรอียธุยา,10769,"รพ.สมเด็จพระสงัฆราช(นคร
หลวง)",โรงพยาบาลชมุ  ชน,F2,45,0,0,0,0,0,1,0.69,2667,9496,1838.1,80103
4,พระนครศรอียธุยา,10779,รพ.อทุัย,โรงพยาบาลชมุ  ชน,F2,30,0,0,0,0,0,1,0.56,2375,8173,1330,165788
4,พระนครศรอียธุยา,10778,รพ.บางซา้ย,โรงพยาบาลชมุ  ชน,F3,10,0,0,0,0,0,1,0.67,637,2234,428.76,46783
4,พระนครศรอียธุยา,10781,รพ.บา้นแพรก,โรงพยาบาลชมุ  ชน,F3,10,0,0,0,0,0,1,0.73,810,2645,594.14,44009
4,พระนครศรอียธุยา,10780,รพ.มหาราช,โรงพยาบาลชมุ  ชน,F3,10,0,0,0,0,0,1,0.79,3171,3171,726.52,49918
4,ลพบุรี,10690,รพ.พระนารายณ์มหาราช,โรงพยาบาลทั่วไป,S,428,16,10,0,0,26,10,1.46,27365,157806,40084.25,533235
4,ลพบุรี,10691,รพ.บา้นหมี่,โรงพยาบาลทั่วไป,M1,258,8,5,0,0,13,6,1.24,12464,67048,15501.48,221941
4,ลพบุรี,10790,รพ.โคกสาโรง,โรงพยาบาลชมุ  ชน,M2,123,6,0,0,0,6,2,0.82,6584,25880,5422.58,167792
4,ลพบุรี,10791,รพ.ชยับาดาล,โรงพยาบาลชมุ  ชน,M2,154,8,4,0,0,12,4,0.85,10019,44045,8467.06,209241
4,ลพบุรี,10792,รพ.ท่าวงุ้,โรงพยาบาลชมุ  ชน,F2,53,0,0,0,0,0,1,0.68,3019,8858,2046.58,103879
4,ลพบุรี,10793,รพ.ท่าหลวง,โรงพยาบาลชมุ  ชน,F2,31,0,0,0,0,0,1,0.58,2891,7409,1679.38,84722
4,ลพบุรี,10789,รพ.พัฒนานคิม,โรงพยาบาลชมุ  ชน,F2,66,0,0,0,0,0,1,0.66,3535,12667,2341.23,150798
4,ลพบุรี,10796,รพ.ลาสนธิ,โรงพยาบาลชมุ  ชน,F2,30,0,0,0,0,0,0,0.8,2189,6913,1750.54,79826
4,ลพบุรี,10797,รพ.หนองมว่ง,โรงพยาบาลชมุ  ชน,F2,35,0,0,0,0,0,0,0.59,2596,7340,1526.45,95503
4,ลพบุรี,10795,รพ.โคกเจรญิ,โรงพยาบาลชมุ  ชน,F3,30,0,0,0,0,0,0,0.6,1732,5813,1045.61,53194
4,ลพบุรี,10794,รพ.สระโบสถ์,โรงพยาบาลชมุ  ชน,F3,30,0,0,0,0,0,0,0.69,1520,4522,1052.6,60402
4,สระบุรี,10661,รพ.สระบุรี,โรงพยาบาลศนู  ย์,A,700,32,12,4,0,48,12,1.74,48242,259123,84037.56,924266
4,สระบุรี,10695,รพ.พระพทุธบาท,โรงพยาบาลทั่วไป,M1,315,16,8,0,0,24,7,1.05,19138,113477,18767.45,333108
4,สระบุรี,10807,รพ.แกง่คอย,โรงพยาบาลชมุ  ชน,F2,75,0,0,0,0,0,1,0.61,6524,19755,3945.39,197544
4,สระบุรี,10811,รพ.บา้นหมอ,โรงพยาบาลชมุ  ชน,F2,33,0,0,0,0,0,1,0.52,2386,6451,1021.61,115831
4,สระบุรี,10815,รพ.มวกเหล็ก,โรงพยาบาลชมุ  ชน,F2,35,0,0,0,0,0,1,0.56,2187,9691,1771.02,113989
4,สระบุรี,10816,รพ.วงัมว่ง,โรงพยาบาลชมุ  ชน,F2,35,0,0,0,0,0,1,0.54,2435,6384,1315.97,91629
4,สระบุรี,10809,รพ.วหิารแดง,โรงพยาบาลชมุ  ชน,F2,42,0,0,0,0,0,1,0.55,3394,10013,1862.13,91958
4,สระบุรี,10814,รพ.เสาไห้,โรงพยาบาลชมุ  ชน,F2,45,0,0,0,0,0,0,0.64,2352,12391,1476.16,110319
4,สระบุรี,10808,รพ.หนองแค,โรงพยาบาลชมุ  ชน,F2,69,0,0,0,0,0,1,0.47,3357,11562,720.87,118334
4,สระบุรี,10810,รพ.หนองแซง,โรงพยาบาลชมุ  ชน,F2,24,0,0,0,0,0,0,0.56,975,2811,541.75,51551
4,สระบุรี,10812,รพ.ดอนพดุ,โรงพยาบาลชมุ  ชน,F3,15,0,0,0,0,0,0,0.65,709,2315,404.81,36824
4,สระบุรี,10813,รพ.หนองโดน,โรงพยาบาลชมุ  ชน,F3,21,0,0,0,0,0,0,0.49,1145,2801,555.61,47551
4,สงิหบ์ุรี,10692,รพ.สงิหบ์ุรี,โรงพยาบาลทั่วไป,S,280,17,6,0,0,23,8,1.13,15702,76552,11761,315023
4,สงิหบ์ุรี,10693,รพ.อนิทรบ์ุรี,โรงพยาบาลทั่วไป,M1,218,8,4,0,0,12,5,1.21,7099,34267,8624.58,192023
4,สงิหบ์ุรี,10799,รพ.คา่ยบางระจัน,โรงพยาบาลชมุ  ชน,F2,30,0,0,0,0,0,1,0.6,2149,6595,1298.43,62088
4,สงิหบ์ุรี,10801,รพ.ท่าชา้ง,โรงพยาบาลชมุ  ชน,F2,32,0,0,0,0,0,1,0.56,1644,5755,924.59,106802
4,สงิหบ์ุรี,10798,รพ.บางระจัน,โรงพยาบาลชมุ  ชน,F2,30,0,0,0,0,0,1,0.62,2501,7905,1554.37,76240
4,สงิหบ์ุรี,10800,รพ.พรหมบุรี,โรงพยาบาลชมุ  ชน,F3,28,0,0,0,0,0,1,0.64,1135,3394,741,51328
4,อา่งทอง,10689,รพ.อา่งทอง,โรงพยาบาลทั่วไป,S,324,20,8,0,0,28,10,1.46,18199,96225,26550.52,309232
4,อา่งทอง,10787,รพ.วเิศษชยัชาญ,โรงพยาบาลชมุ  ชน,F1,106,0,0,0,0,0,1,0.62,7626,27328,4723.54,198133
4,อา่งทอง,10782,รพ.ไชโย,โรงพยาบาลชมุ  ชน,F2,36,0,0,0,0,0,1,0.59,1982,6982,1171.76,61940
4,อา่งทอง,10784,รพ.ป่าโมก,โรงพยาบาลชมุ  ชน,F2,56,0,0,0,0,0,1,0.52,3797,12272,1959.63,132339
4,อา่งทอง,10785,รพ.โพธทิ์อง,โรงพยาบาลชมุ  ชน,F2,90,0,0,0,0,0,2,0.66,5921,222229,3907.86,135512
4,อา่งทอง,10786,รพ.แสวงหา,โรงพยาบาลชมุ  ชน,F2,51,0,0,0,0,0,0,0.58,3413,11714,1974.42,85911
4,อา่งทอง,10788,รพ.สามโก้,โรงพยาบาลชมุ  ชน,F3,36,0,0,0,0,0,1,0.53,2418,7766,1285.65,63660
5,กาญจนบุรี,10731,รพ.พหลพลพยหุเสนา,โรงพยาบาลทั่วไป,S,440,20,6,0,0,26,7,1.41,36405,178868,51367.46,539793
5,กาญจนบุรี,10732,รพ.มะการักษ์,โรงพยาบาลทั่วไป,M1,252,8,6,0,0,14,4,1.2,16253,81930,19472.72,303932
5,กาญจนบุรี,11283,รพ.ทองผาภมูิ,โรงพยาบาลชมุ  ชน,M2,88,0,0,0,0,0,2,0.58,6823,24128,3974.4,127397
5,กาญจนบุรี,11282,รพ.สมเด็จพระสงัฆราชองคท์ี่๑๙,โรงพยาบาลชมุ  ชน,M2,120,0,0,0,0,0,4,0.75,12454,41098,9288.19,244613
5,กาญจนบุรี,11280,รพ.บ่อพลอย,โรงพยาบาลชมุ  ชน,F1,60,0,0,0,0,0,2,0.57,5818,17519,3298.81,117178
5,กาญจนบุรี,11285,รพ.เจา้คณุไพบูลยพ์นมทวน,โรงพยาบาลชมุ  ชน,F2,63,0,0,0,0,0,1,0.51,4393,11493,2259.76,103690
5,กาญจนบุรี,11287,รพ.ดา่นมะขามเตย้ี,โรงพยาบาลชมุ  ชน,F2,30,0,0,0,0,0,1,0.44,3282,7818,1458,87727
5,กาญจนบุรี,11281,รพ.ท่ากระดาน,โรงพยาบาลชมุ  ชน,F2,30,0,0,0,0,0,1,0.53,1526,4049,810.92,33138
5,กาญจนบุรี,11278,รพ.ไทรโยค,โรงพยาบาลชมุ  ชน,F2,62,0,0,0,0,0,1,0.52,4569,12660,2376,83192
5,กาญจนบุรี,11286,รพ.เลาขวญั,โรงพยาบาลชมุ  ชน,F2,49,0,0,0,0,0,1,0.52,3493,10927,1802.39,80680
5,กาญจนบุรี,11288,รพ.สถานพระบารมี,โรงพยาบาลชมุ  ชน,F2,30,0,0,0,0,0,1,0.48,1847,5121,881.2,50231
5,กาญจนบุรี,11279,"รพ.สมเด็จพระปิยะมหาราช
รมณียเขต",โรงพยาบาลชมุ  ชน,F2,30,0,0,0,0,0,1,0.44,2216,5872,982.8,40238
5,กาญจนบุรี,11284,รพ.สงัขละบุรี,โรงพยาบาลชมุ  ชน,F2,30,0,0,0,0,0,1,0.5,3375,10511,1687.5,64164
5,กาญจนบุรี,21948,"รพ.หว้ยกระเจาเฉลมิพระเกยีรติ
๘๐พรรษา",โรงพยาบาลชมุ  ชน,F2,34,0,0,0,0,0,1,0.48,2350,5993,1129.65,64248
5,กาญจนบุรี,14136,รพ.ศกุรศ์ริศิรสีวสัดิ์,โรงพยาบาลชมุ  ชน,F3,16,0,0,0,0,0,0,0.46,696,2058,318.56,18743
5,นครปฐม,10679,รพ.นครปฐม,โรงพยาบาลศนู  ย์,A,722,30,6,6,0,42,17,1.61,55553,270712,89412.55,656371
5,นครปฐม,11302,รพ.สามพราน,โรงพยาบาลชมุ  ชน,M2,120,6,2,0,0,8,2,0.68,10448,38315,7091.06,326615
5,นครปฐม,11297,รพ.กาแพงแสน,โรงพยาบาลชมุ  ชน,F1,98,0,0,0,0,0,2,0.55,9416,27568,5190.1,214446
5,นครปฐม,11301,รพ.บางเลน,โรงพยาบาลชมุ  ชน,F1,54,0,0,0,0,0,1,0.48,4284,11669,2044.75,146686
5,นครปฐม,11300,รพ.ดอนตมู,โรงพยาบาลชมุ  ชน,F2,38,0,0,0,0,0,1,0.46,3342,9049,1545.68,180747
5,นครปฐม,11298,รพ.นครชยัศรี,โรงพยาบาลชมุ  ชน,F2,50,0,0,0,0,0,1,0.59,3881,14018,2282.42,153561
5,นครปฐม,11303,รพ.พทุธมณฑล,โรงพยาบาลชมุ  ชน,F2,30,0,0,0,0,0,1,0.46,3243,7983,1505.08,125943
5,นครปฐม,13819,รพ.หลวงพอ่เปิ่น,โรงพยาบาลชมุ  ชน,F2,30,0,0,0,0,0,1,0.75,1152,5154,859.16,113921
5,นครปฐม,11299,รพ.หว้ยพลู,โรงพยาบาลชมุ  ชน,F2,58,0,0,0,0,0,1,0.47,4319,11478,2035.11,171323
5,ประจวบครีขีันธ์,10737,รพ.ประจวบครีขีันธ์,โรงพยาบาลทั่วไป,S,278,8,20,0,0,28,5,1.28,14850,78217,18990.18,516834
5,ประจวบครีขีันธ์,11320,รพ.หัวหนิ,โรงพยาบาลทั่วไป,S,340,14,8,5,0,55,10,1.56,18267,116210,28580.55,391504
5,ประจวบครีขีันธ์,11317,รพ.บางสะพาน,โรงพยาบาลชมุ  ชน,M2,153,6,4,0,0,10,3,0.78,10307,40870,8051.83,131983
5,ประจวบครีขีันธ์,11315,รพ.กยุบุรี,โรงพยาบาลชมุ  ชน,F2,34,0,0,0,0,0,0,0.53,2957,8468,1561,105006
5,ประจวบครีขีันธ์,11316,รพ.ทับสะแก,โรงพยาบาลชมุ  ชน,F2,60,0,0,0,0,0,1,0.68,5449,15448,3709.13,108732
5,ประจวบครีขีันธ์,11318,รพ.บางสะพานนอ้ย,โรงพยาบาลชมุ  ชน,F2,36,0,0,0,0,0,1,0.55,3403,10854,1878.12,66628
5,ประจวบครีขีันธ์,11319,รพ.ปราณบุรี,โรงพยาบาลชมุ  ชน,F2,60,0,0,0,0,0,2,0.56,5164,16037,2898.55,140295
5,ประจวบครีขีันธ์,11321,รพ.สามรอ้ยยอด,โรงพยาบาลชมุ  ชน,F2,69,0,0,0,0,0,1,0.75,5336,19215,3988.66,148555
5,เพชรบุรี,10736,รพ.พระจอมเกลา้,โรงพยาบาลทั่วไป,S,505,18,10,0,8,36,8,1.16,33741,157874,38991.1,453541
5,เพชรบุรี,11310,รพ.ชะอา,โรงพยาบาลชมุ  ชน,M2,84,2,3,0,0,5,3,0.5,7294,18403,3673.26,172432
5,เพชรบุรี,11311,รพ.ท่ายาง,โรงพยาบาลชมุ  ชน,F1,60,0,0,0,0,0,1,0.57,5974,15767,3381.28,184760
5,เพชรบุรี,11314,รพ.แกง่กระจาน,โรงพยาบาลชมุ  ชน,F2,32,0,0,0,0,0,1,0.47,1890,5147,888.68,63287
5,เพชรบุรี,11308,รพ.เขายอ้ย,โรงพยาบาลชมุ  ชน,F2,32,0,0,0,0,0,1,0.57,2679,7466,1538.28,102352
5,เพชรบุรี,11312,รพ.บา้นลาด,โรงพยาบาลชมุ  ชน,F2,30,0,0,0,0,0,1,0.56,2497,7177,1385.84,138933
5,เพชรบุรี,11313,รพ.บา้นแหลม,โรงพยาบาลชมุ  ชน,F2,30,0,0,0,0,0,1,0.45,2103,5347,946.14,90373
5,เพชรบุรี,11309,รพ.หนองหญา้ปลอ้ง,โรงพยาบาลชมุ  ชน,F2,30,0,0,0,0,0,1,0.51,1330,4042,676.44,47598
5,ราชบุรี,10677,รพ.ราชบุรี,โรงพยาบาลศนู  ย์,A,855,42,8,8,0,58,13,1.72,46116,260621,79453.26,1041527
5,ราชบุรี,10729,รพ.บา้นโป่ง,โรงพยาบาลทั่วไป,S,362,12,8,0,0,20,6,1,20890,92566,20879.56,335050
5,ราชบุรี,10728,รพ.ดาเนนิสะดวก,โรงพยาบาลทั่วไป,M1,304,7,5,1,0,13,5,1.08,11432,61915,12357.99,196675
5,ราชบุรี,10730,รพ.โพธาราม,โรงพยาบาลทั่วไป,M1,340,10,5,0,0,15,5,1.08,14928,82949,15852.01,244970
5,ราชบุรี,11458,รพ.สมเด็จพระยพุราชจอมบงึ,โรงพยาบาลชมุ  ชน,F1,60,0,0,0,0,0,1,0.75,5048,15963,3793.57,117778
5,ราชบุรี,11275,รพ.เจ็ดเสมยีน,โรงพยาบาลชมุ  ชน,F2,30,0,0,0,0,0,0,0.54,1634,4782,881.22,65005
5,ราชบุรี,11274,รพ.บางแพ,โรงพยาบาลชมุ  ชน,F2,48,0,0,0,0,0,1,0.63,2245,6680,1409.64,94267
5,ราชบุรี,11276,รพ.ปากท่อ,โรงพยาบาลชมุ  ชน,F2,60,0,0,0,0,0,1,0.55,5732,15532,3127.95,136370
5,ราชบุรี,11277,รพ.วดัเพลง,โรงพยาบาลชมุ  ชน,F2,38,0,0,0,0,0,0,0.67,1235,4276,823.87,56642
5,ราชบุรี,11273,รพ.สวนผงึ้,โรงพยาบาลชมุ  ชน,F2,65,0,0,0,0,0,1,0.48,4840,16537,2314.97,93851
5,ราชบุรี,28858,รพ.บา้นคา,โรงพยาบาลชมุ  ชน,F3,0,0,0,0,0,0,0,0,,,,34375
5,สมทุรสงคราม,10735,รพ.สมเด็จพระพทุธเลศิหลา้,โรงพยาบาลทั่วไป,S,311,16,0,0,0,16,6,1.15,17839,97401,20151,399613
5,สมทุรสงคราม,11306,รพ.นภาลัย,โรงพยาบาลชมุ  ชน,F1,90,5,0,0,0,5,2,0.79,2815,14783,2220.47,97085
5,สมทุรสงคราม,11307,รพ.อัมพวา,โรงพยาบาลชมุ  ชน,F2,37,0,0,0,0,0,1,0.59,1641,6057,962.61,83346
5,สมทุรสาคร,10734,รพ.สมทุรสาคร,โรงพยาบาลศนู  ย์,A,602,27,9,0,0,36,12,1.03,48579,208385,50021.8,821424
5,สมทุรสาคร,11304,รพ.กระทุ่มแบน,โรงพยาบาลทั่วไป,M1,287,8,5,0,0,13,4,0.94,16774,74918,15718.92,414612
5,สพุรรณบุรี,10678,รพ.เจา้พระยายมราช,โรงพยาบาลศนู  ย์,A,680,52,8,6,0,66,15,1.52,39275,205359,59890.45,766614
5,สพุรรณบุรี,10733,"รพ.สมเด็จพระสงัฆราชองคท์่ี
๑๗",โรงพยาบาลทั่วไป,M1,262,16,4,0,0,20,5,1.21,16640,89007,20069.5,309736
5,สพุรรณบุรี,11295,รพ.อู่ทอง,โรงพยาบาลชมุ  ชน,M2,144,6,0,0,0,6,3,0.8,9996,38383,8007.8,259436
5,สพุรรณบุรี,11290,รพ.ดา่นชา้ง,โรงพยาบาลชมุ  ชน,F1,106,0,0,0,0,0,3,0.79,6971,27742,5477.11,175979
5,สพุรรณบุรี,11293,รพ.ดอนเจดยี์,โรงพยาบาลชมุ  ชน,F2,68,0,0,0,0,0,2,0.67,4042,13311,2717.44,139487
5,สพุรรณบุรี,11289,รพ.เดมิบางนางบวช,โรงพยาบาลชมุ  ชน,F2,120,0,0,0,0,0,3,1,8553,27779,8594.91,218112
5,สพุรรณบุรี,11291,รพ.บางปลามา้,โรงพยาบาลชมุ  ชน,F2,62,0,0,0,0,0,1,0.66,5095,16613,3355.57,155918
5,สพุรรณบุรี,11292,รพ.ศรปีระจันต์,โรงพยาบาลชมุ  ชน,F2,60,4,0,0,0,4,2,0.75,4449,15132,3319.4,144814
5,สพุรรณบุรี,11294,รพ.สามชกุ,โรงพยาบาลชมุ  ชน,F2,60,4,0,0,0,4,2,0.74,3869,13428,2853.77,169114
5,สพุรรณบุรี,11296,รพ.หนองหญา้ไซ,โรงพยาบาลชมุ  ชน,F2,60,0,0,0,0,0,1,0.64,3948,13620,2518.82,111067
6,จันทบุรี,10664,รพ.พระปกเกลา้,โรงพยาบาลศนู  ย์,A,755,45,6,12,0,63,15,1.71,47594,226030,81190.6,567348
6,จันทบุรี,10834,รพ.ขลงุ,โรงพยาบาลชมุ  ชน,F1,30,0,0,0,0,0,1,0.73,2613,10137,1899.13,92884
6,จันทบุรี,10843,รพ.นายายอาม,โรงพยาบาลชมุ  ชน,F1,34,0,0,0,0,0,1,0.62,2118,7214,1316.55,83534
6,จันทบุรี,10839,รพ.มะขาม,โรงพยาบาลชมุ  ชน,F1,36,0,0,0,0,0,1,0.63,2457,7714,1551.35,70216
6,จันทบุรี,10841,รพ.สอยดาว,โรงพยาบาลชมุ  ชน,F1,62,0,0,0,0,0,1,0.56,4364,16046,2456.06,110042
6,จันทบุรี,10842,รพ.แกง่หางแมว,โรงพยาบาลชมุ  ชน,F2,30,0,0,0,0,0,1,0.61,2177,6521,1337.55,76920
6,จันทบุรี,10844,รพ.เขาคชิฌกฏู,โรงพยาบาลชมุ  ชน,F2,30,0,0,0,0,0,1,0.52,2337,7631,1226.46,72640
6,จันทบุรี,10836,รพ.เขาสกุมิ,โรงพยาบาลชมุ  ชน,F2,30,0,0,0,0,0,1,0.6,2863,10481,1709.5,53525
6,จันทบุรี,10835,รพ.ท่าใหม่,โรงพยาบาลชมุ  ชน,F2,30,0,0,0,0,0,1,0.58,1622,5621,933.46,61316
6,จันทบุรี,10838,รพ.โป่งน้ารอ้น,โรงพยาบาลชมุ  ชน,F2,69,0,0,0,0,0,1,0.53,4184,14540,2235.09,94882
6,จันทบุรี,10837,รพ.สองพนี่อ้ง,โรงพยาบาลชมุ  ชน,F2,26,0,0,0,0,0,1,0.61,1673,5321,1015.68,61094
6,จันทบุรี,10840,รพ.แหลมสงิห์,โรงพยาบาลชมุ  ชน,F2,46,0,0,0,0,0,1,0.65,3190,8097,2083.39,70835
6,ฉะเชงิเทรา,10697,รพ.พทุธโสธร,โรงพยาบาลศนู  ย์,A,585,28,12,0,0,40,12,1.5,38705,214686,57968.48,434276
6,ฉะเชงิเทรา,10854,รพ.พนมสารคาม,โรงพยาบาลชมุ  ชน,M2,116,8,2,0,0,10,3,0.62,10268,33350,6428.89,193518
6,ฉะเชงิเทรา,10851,รพ.บางน้าเปรยี้ว,โรงพยาบาลชมุ  ชน,F1,65,0,0,0,0,0,2,0.69,5527,22626,3828,138384
6,ฉะเชงิเทรา,10852,รพ.บางปะกง,โรงพยาบาลชมุ  ชน,F1,90,0,0,0,0,0,2,0.54,6286,20697,3408,135378
6,ฉะเชงิเทรา,10855,รพ.สนามชยัเขต,โรงพยาบาลชมุ  ชน,F1,111,0,5,0,0,5,2,0.69,8256,34015,5683.43,120775
6,ฉะเชงิเทรา,10833,รพ.ท่าตะเกยีบ,โรงพยาบาลชมุ  ชน,F2,41,0,0,0,0,0,0,0.6,3181,9906,1911.46,92565
6,ฉะเชงิเทรา,10850,รพ.บางคลา้,โรงพยาบาลชมุ  ชน,F2,34,0,0,0,0,0,1,0.64,3768,10339,2407,150210
6,ฉะเชงิเทรา,10853,รพ.บา้นโพธิ์,โรงพยาบาลชมุ  ชน,F2,44,0,0,0,0,0,1,0.54,3700,10911,2002.07,123618
6,ฉะเชงิเทรา,10856,รพ.แปลงยาว,โรงพยาบาลชมุ  ชน,F2,40,0,0,0,0,0,0,0.63,4157,12673,2618.91,123882
6,ฉะเชงิเทรา,13747,รพ.ราชสาสน์,โรงพยาบาลชมุ  ชน,F2,12,0,0,0,0,0,0,0.56,607,1830,323,44371
6,ฉะเชงิเทรา,31327,รพ.คลองเขอื่น,โรงพยาบาลชมุ  ชน,F3,0,0,0,0,0,0,0,0,0,0,0,17828
6,ชลบุรี,10662,รพ.ชลบุรี,โรงพยาบาลศนู  ย์,A,850,42,16,8,0,66,18,1.92,49274,272262,94744.05,650664
6,ชลบุรี,10819,รพ.บางละมงุ,โรงพยาบาลทั่วไป,S,250,2,5,0,0,7,5,0.85,23689,86603,20237.51,615214
6,ชลบุรี,10817,รพ.บา้นบงึ,โรงพยาบาลชมุ  ชน,M2,90,0,0,,0,0,2,0.79,8873,25876,6972.4,351396
6,ชลบุรี,10822,รพ.พนัสนคิม,โรงพยาบาลชมุ  ชน,M2,137,0,6,0,0,6,4,0.9,10949,47905,9895.71,325372
6,ชลบุรี,10823,รพ.แหลมฉบัง,โรงพยาบาลชมุ  ชน,M2,113,0,2,0,0,2,3,0.77,10487,40627,8112.74,267590
6,ชลบุรี,10821,รพ.พานทอง,โรงพยาบาลชมุ  ชน,F1,81,0,0,0,0,0,2,0.53,6960,23121,3671.4,278703
6,ชลบุรี,10825,รพ.สตัหบีกม๑๐,โรงพยาบาลชมุ  ชน,F1,40,0,0,0,0,0,1,0.66,3314,12874,2184.92,240464
6,ชลบุรี,10824,รพ.เกาะสชีงั,โรงพยาบาลชมุ  ชน,F2,30,0,0,0,0,0,0,0.53,377,1612,201.47,36100
6,ชลบุรี,10826,รพ.บ่อทอง,โรงพยาบาลชมุ  ชน,F2,60,0,0,0,0,0,1,0.57,4507,16680,2566.74,109360
6,ชลบุรี,10820,รพ.วดัญาณสงัวราราม,โรงพยาบาลชมุ  ชน,F2,23,0,0,0,0,0,1,0.56,1489,4374,840.24,77403
6,ชลบุรี,10818,รพ.หนองใหญ่,โรงพยาบาลชมุ  ชน,F2,30,0,0,0,0,0,1,0.48,1587,5698,769.22,84784
6,ชลบุรี,28006,รพ.เกาะจันทร์,โรงพยาบาลชมุ  ชน,F3,30,0,0,0,0,0,0,0.79,1731,6467,1371.82,70447
6,ตราด,10696,รพ.ตราด,โรงพยาบาลทั่วไป,S,312,8,6,0,4,18,6,1.22,19878,97115,24165.68,301317
6,ตราด,13816,รพ.เกาะชา้ง,โรงพยาบาลชมุ  ชน,F2,26,0,0,0,0,0,0,0.43,1318,3452,569.9,32739
6,ตราด,10846,รพ.เขาสมงิ,โรงพยาบาลชมุ  ชน,F2,34,0,0,0,0,0,0,0.58,2090,5786,1212.83,77176
6,ตราด,10845,รพ.คลองใหญ่,โรงพยาบาลชมุ  ชน,F2,33,0,0,0,0,0,1,0.49,2008,5828,986.33,99053
6,ตราด,10847,รพ.บ่อไร่,โรงพยาบาลชมุ  ชน,F2,36,0,0,0,0,0,0,0.51,2371,7007,1205.89,78861
6,ตราด,10848,รพ.แหลมงอบ,โรงพยาบาลชมุ  ชน,F2,33,0,0,0,0,0,0,0.68,1315,5167,888.81,75631
6,ตราด,10849,รพ.เกาะกดู,โรงพยาบาลชมุ  ชน,F3,7,0,0,0,0,0,0,0.66,154,494,101.21,14279
6,ปราจนีบุรี,10665,รพ.เจา้พระยาอภัยภเูบศร,โรงพยาบาลศนู  ย์,A,433,32,12,0,0,44,8,1.31,27555,136622,36019.9,390827
6,ปราจนีบุรี,10857,รพ.กบนิทรบ์ุรี,โรงพยาบาลทั่วไป,M1,205,4,0,0,0,4,4,0.86,15962,65331,13751.26,289152
6,ปราจนีบุรี,10858,รพ.นาดี,โรงพยาบาลชมุ  ชน,F2,65,0,0,0,0,0,1,0.58,3991,12284,2325.95,102286
6,ปราจนีบุรี,10859,รพ.บา้นสรา้ง,โรงพยาบาลชมุ  ชน,F2,29,0,0,0,0,0,0,0.54,1630,4975,886.07,73342
6,ปราจนีบุรี,10860,รพ.ประจันตคาม,โรงพยาบาลชมุ  ชน,F2,34,0,0,0,0,0,1,0.6,2297,6307,1382.79,103999
6,ปราจนีบุรี,10861,รพ.ศรมีหาโพธิ,โรงพยาบาลชมุ  ชน,F2,60,0,0,0,0,0,1,0.48,1910,24678,917.56,171032
6,ปราจนีบุรี,10862,รพ.ศรมีโหสถ,โรงพยาบาลชมุ  ชน,F2,30,0,0,0,0,0,1,0.59,1324,3878,780.5,69698
6,ระยอง,10663,รพ.ระยอง,โรงพยาบาลศนู  ย์,A,525,15,8,0,0,23,9,1.4,44424,224314,62233.58,601784
6,ระยอง,10829,รพ.แกลง,โรงพยาบาลทั่วไป,M1,200,6,2,0,0,8,3,0.9,14045,54307,12619.43,222615
6,ระยอง,10827,"รพ.เฉลมิพระเกยีรตสิมเด็จพระเทพรัตนราชสดุาฯสยาม
บรมราชกมุารีระยอง",โรงพยาบาลทั่วไป,M1,162,0,0,0,0,0,4,0.52,6138,18368,3165.83,190799
6,ระยอง,10828,รพ.บา้นฉาง,โรงพยาบาลชมุ  ชน,F1,70,0,5,0,0,5,2,0.54,5027,15686,2734.69,120049
6,ระยอง,22734,"รพ.เขาชะเมาเฉลมิพระเกยีรติ
๘๐พรรษา",โรงพยาบาลชมุ  ชน,F2,26,0,0,0,0,0,0,,,,,45076
6,ระยอง,23962,รพ.นคิมพัฒนา,โรงพยาบาลชมุ  ชน,F2,30,0,0,0,0,0,0,0.46,1366,4384,626,85472
6,ระยอง,10831,รพ.บา้นคา่ย,โรงพยาบาลชมุ  ชน,F2,48,0,0,0,0,0,1,0.57,3450,9619,1980.3,144481
6,ระยอง,10832,รพ.ปลวกแดง,โรงพยาบาลชมุ  ชน,F2,58,9,0,0,0,9,1,0.46,4409,15192,2032,160315
6,ระยอง,10830,รพ.วงัจันทร์,โรงพยาบาลชมุ  ชน,F2,45,0,0,0,0,0,2,0.53,2334,7129,1226.28,113434
6,สมทุรปราการ,10685,รพ.สมทุรปราการ,โรงพยาบาลศนู  ย์,A,415,23,8,0,0,31,6,1.2,38480,171663,46464.47,609705
6,สมทุรปราการ,10753,รพ.บางพลี,โรงพยาบาลทั่วไป,M1,200,6,4,0,0,10,4,0.82,13510,57427,11129.54,323669
6,สมทุรปราการ,10752,รพ.บางบ่อ,โรงพยาบาลชมุ  ชน,M2,120,5,0,0,0,5,3,0.95,8944,34728,8471.76,224363
6,สมทุรปราการ,10754,รพ.บางจาก,โรงพยาบาลชมุ  ชน,F1,74,0,0,0,0,0,2,0.73,5945,21840,4360.66,120066
6,สมทุรปราการ,10755,รพ.พระสมทุรเจดยีส์วาทยานนท์,โรงพยาบาลชมุ  ชน,F2,41,0,0,0,0,0,1,0.55,3581,12894,1956.66,118111
6,สมทุรปราการ,28785,รพ.บางเสาธง,โรงพยาบาลชมุ  ชน,F3,0,0,0,0,0,0,0,,,,,24077
6,สระแกว้,10699,รพ.สมเด็จพระยพุราชสระแกว้,โรงพยาบาลทั่วไป,S,388,24,8,0,0,32,8,1.45,24133,141250,34915.62,317109
6,สระแกว้,10870,รพ.อรัญประเทศ,โรงพยาบาลทั่วไป,M1,154,8,0,0,0,8,4,0.72,11190,44488,8066.03,204176
6,สระแกว้,13817,รพ.เขาฉกรรจ์,โรงพยาบาลชมุ  ชน,F2,51,0,0,0,0,0,1,0.49,3589,13337,2183,115680
6,สระแกว้,10866,รพ.คลองหาด,โรงพยาบาลชมุ  ชน,F2,34,0,0,0,0,0,1,0.56,2424,8363,1170.21,77220
6,สระแกว้,10867,รพ.ตาพระยา,โรงพยาบาลชมุ  ชน,F2,45,0,0,0,0,0,1,0.42,2758,10546,1381.27,56148
6,สระแกว้,10868,รพ.วงัน้าเย็น,โรงพยาบาลชมุ  ชน,F2,85,0,0,0,0,0,1,0.58,5942,22358,3427.94,153104
6,สระแกว้,10869,รพ.วฒันานคร,โรงพยาบาลชมุ  ชน,F2,77,0,0,0,0,0,1,0.58,3820,13780,2232.05,154869
6,สระแกว้,28850,รพ.โคกสงู,โรงพยาบาลชมุ  ชน,F3,10,0,0,0,0,0,0,,,,,14231
6,สระแกว้,28849,รพ.วงัสมบูรณ์,โรงพยาบาลชมุ  ชน,F3,10,0,0,0,0,0,0,,,,,6647
7,กาฬสนิธุ์,10709,รพ.กาฬสนิธุ์,โรงพยาบาลทั่วไป,S,540,16,8,2,0,26,10,1.47,44047,188489,64700.64,371893
7,กาฬสนิธุ์,11081,รพ.ยางตลาด,โรงพยาบาลชมุ  ชน,M2,120,0,0,0,0,0,2,0.79,10368,32025,8229.08,191149
7,กาฬสนิธุ์,11087,รพ.สมเด็จ,โรงพยาบาลชมุ  ชน,M2,60,0,0,0,0,0,1,0.73,6657,21377,4878.92,153063
7,กาฬสนิธุ์,11449,"รพ.สมเด็จพระยพุราชกฉุิ
นารายณ์",โรงพยาบาลชมุ  ชน,M2,120,8,0,0,0,8,2,0.93,8803,34617,8194.71,234890
7,กาฬสนิธุ์,11078,รพ.กมลาไสย,โรงพยาบาลชมุ  ชน,F1,124,0,0,0,0,0,2,0.76,11243,38186,8531.99,218015
7,กาฬสนิธุ์,11080,รพ.เขาวง,โรงพยาบาลชมุ  ชน,F2,81,0,0,0,0,0,1,0.54,7779,26465,4208,140175
7,กาฬสนิธุ์,11084,รพ.คามว่ง,โรงพยาบาลชมุ  ชน,F2,40,0,0,0,0,0,1,0.55,5512,14121,3038.68,136535
7,กาฬสนิธุ์,11085,รพ.ท่าคันโท,โรงพยาบาลชมุ  ชน,F2,30,0,0,0,0,0,1,0.51,3345,9377,1692.24,87088
7,กาฬสนิธุ์,11077,รพ.นามน,โรงพยาบาลชมุ  ชน,F2,37,0,0,0,0,0,1,0.54,3127,8791,1696.71,82523
7,กาฬสนิธุ์,11079,รพ.ร่องคา,โรงพยาบาลชมุ  ชน,F2,30,0,0,0,0,0,1,0.59,1690,5532,986.68,51930
7,กาฬสนิธุ์,11083,รพ.สหัสขันธ์,โรงพยาบาลชมุ  ชน,F2,30,0,0,0,0,0,1,0.53,2101,6096,1107.44,66623
7,กาฬสนิธุ์,11086,รพ.หนองกงุศรี,โรงพยาบาลชมุ  ชน,F2,73,0,0,0,0,0,1,0.49,6164,17312,3025.29,108164
7,กาฬสนิธุ์,11088,รพ.หว้ยผงึ้,โรงพยาบาลชมุ  ชน,F2,34,0,0,0,0,0,1,0.53,2310,7379,1219.68,71029
7,กาฬสนิธุ์,11082,รพ.หว้ยเม็ก,โรงพยาบาลชมุ  ชน,F2,56,0,0,0,0,0,1,0.5,3771,9285,1728.05,90502
7,กาฬสนิธุ์,28789,รพ.ฆอ้งชยั,โรงพยาบาลชมุ  ชน,F3,0,0,0,0,0,0,0,0,0,0,0,16754
7,กาฬสนิธุ์,28790,รพ.ดอนจาน,โรงพยาบาลชมุ  ชน,F3,0,0,0,0,0,0,0,0,0,0,0,24006
7,กาฬสนิธุ์,28017,รพ.นาคู,โรงพยาบาลชมุ  ชน,F3,0,0,0,0,0,0,0,0,0,0,0,44305
7,กาฬสนิธุ์,28791,รพ.สามชยั,โรงพยาบาลชมุ  ชน,F3,0,0,0,0,0,0,0,0,0,0,0,27635
7,ขอนแกน่,10670,รพ.ขอนแกน่,โรงพยาบาลศนู  ย์,A,867,39,23,12,3,77,21,2.06,78156,381275,160837.23,805247
7,ขอนแกน่,10998,รพ.ชมุแพ,โรงพยาบาลทั่วไป,M1,224,10,4,0,0,14,9,1.02,19319,59371,19705.38,279592
7,ขอนแกน่,12275,"รพ.สรินิธร(ภาค
ตะวนัออกเฉียงเหนอื)",โรงพยาบาลท่ัวไป,M1,120,6,2,0,0,8,6,0.85,6859,20676,5821.92,101269
7,ขอนแกน่,11002,รพ.บา้นไผ่,โรงพยาบาลชมุ  ชน,M2,120,0,0,0,0,0,2,0.73,9928,32079,7254,179272
7,ขอนแกน่,11004,รพ.พล,โรงพยาบาลชมุ  ชน,M2,67,0,0,0,0,0,2,0.66,8376,24891,5568.36,184820
7,ขอนแกน่,11445,รพ.สมเด็จพระยพุราชกระนวน,โรงพยาบาลชมุ  ชน,M2,107,0,0,0,0,0,2,0.67,9683,28799,6526.34,128271
7,ขอนแกน่,11000,รพ.น้าพอง,โรงพยาบาลชมุ  ชน,F1,120,0,0,0,0,0,2,0.66,10816,36495,6923.09,185374
7,ขอนแกน่,11011,รพ.เขาสวนกวาง,โรงพยาบาลชมุ  ชน,F2,45,0,0,0,0,0,1,0.65,3349,10009,2161.44,84524
7,ขอนแกน่,11010,รพ.ชนบท,โรงพยาบาลชมุ  ชน,F2,35,0,0,0,0,0,1,0.6,3736,9532,2214.6,80320
7,ขอนแกน่,14132,รพ.ซาสงู,โรงพยาบาลชมุ  ชน,F2,30,0,0,0,0,0,1,0.47,3559,7273,1682.34,55039
7,ขอนแกน่,10995,รพ.บา้นฝาง,โรงพยาบาลชมุ  ชน,F2,30,0,0,0,0,0,1,0.59,5377,12501,3170.28,91499
7,ขอนแกน่,11003,รพ.เปือยนอ้ย,โรงพยาบาลชมุ  ชน,F2,30,0,0,0,0,0,1,0.63,2084,6371,1311.46,73751
7,ขอนแกน่,10996,รพ.พระยนื,โรงพยาบาลชมุ  ชน,F2,30,0,0,0,0,0,1,0.61,3057,9153,1864.77,86843
7,ขอนแกน่,11012,รพ.ภผูามา่น,โรงพยาบาลชมุ  ชน,F2,33,0,0,0,0,0,1,0.49,2332,6217,1144.08,47632
7,ขอนแกน่,11008,รพ.ภเูวยีง,โรงพยาบาลชมุ  ชน,F1,98,0,0,0,0,0,1,0.51,7520,25609,3817.9,147561
7,ขอนแกน่,11009,รพ.มัญจาครีี,โรงพยาบาลชมุ  ชน,F1,74,0,0,0,0,0,1,0.77,5881,23981,4518.37,129339
7,ขอนแกน่,11006,รพ.แวงนอ้ย,โรงพยาบาลชมุ  ชน,F2,30,0,0,0,0,0,1,0.73,2410,8965,1762.43,64756
7,ขอนแกน่,11005,รพ.แวงใหญ่,โรงพยาบาลชมุ  ชน,F2,35,0,0,0,0,0,1,0.66,1987,6589,1318.18,50381
7,ขอนแกน่,10999,รพ.สชีมพู,โรงพยาบาลชมุ  ชน,F2,60,0,0,0,0,0,1,0.56,4439,15748,2490.28,98013
7,ขอนแกน่,10997,รพ.หนองเรอื,โรงพยาบาลชมุ  ชน,F1,92,0,0,0,0,0,1,0.65,8622,24264,5595.03,145100
7,ขอนแกน่,11007,รพ.หนองสองหอ้ง,โรงพยาบาลชมุ  ชน,F2,45,0,0,0,0,0,1,0.63,4326,14929,2739.66,104300
7,ขอนแกน่,11001,รพ.อบุลรัตน์,โรงพยาบาลชมุ  ชน,F2,47,0,0,0,0,0,1,0.59,4820,15537,2843.32,83036
7,ขอนแกน่,77651,รพ.โคกโพธไิ์ชย,โรงพยาบาลชมุ  ชน,F3,0,,,,,,,,,,,
7,ขอนแกน่,77652,รพ.โนนศลิา,โรงพยาบาลชมุ  ชน,F3,0,,,,,,,,,,,
7,ขอนแกน่,77650,รพ.เวยีงเกา่,โรงพยาบาลชมุ  ชน,F3,0,,,,,,,,,,,
7,ขอนแกน่,77649,รพ.หนองนาคา,โรงพยาบาลชมุ  ชน,F3,0,,,,,,,,,,,
7,มหาสารคาม,10707,รพ.มหาสารคาม,โรงพยาบาลทั่วไป,S,580,24,12,4,12,52,16,1.52,46119,181882,69934.85,529080
7,มหาสารคาม,11055,รพ.บรบอื,โรงพยาบาลชมุ  ชน,M2,95,0,0,0,0,0,2,0.7,11627,32087,8193.55,207480
7,มหาสารคาม,11057,รพ.พยคัฆภมูพิสิยั,โรงพยาบาลชมุ  ชน,M2,102,0,0,0,0,0,2,0.69,7672,22708,5317.46,164080
7,มหาสารคาม,11052,รพ.โกสมุพสิยั,โรงพยาบาลชมุ  ชน,F1,96,8,0,0,0,8,2,0.76,8120,28815,6163.89,167190
7,มหาสารคาม,11058,รพ.วาปีปทุม,โรงพยาบาลชมุ  ชน,F1,112,0,0,0,0,0,2,0.51,13266,37061,6828.01,174480
7,มหาสารคาม,11053,รพ.กันทรวชิยั,โรงพยาบาลชมุ  ชน,F2,60,0,0,0,0,0,1,0.58,5451,13644,3186.11,105810
7,มหาสารคาม,11051,รพ.แกดา,โรงพยาบาลชมุ  ชน,F2,33,0,0,0,0,0,1,0.58,2160,4983,1249.99,54970
7,มหาสารคาม,11054,รพ.เชยีงยนื,โรงพยาบาลชมุ  ชน,F2,52,0,0,0,0,0,2,0.61,5498,13583,3334.54,139160
7,มหาสารคาม,11056,รพ.นาเชอืก,โรงพยาบาลชมุ  ชน,F2,38,0,0,0,0,0,1,0.49,5365,12583,2605.24,89080
7,มหาสารคาม,11059,รพ.นาดนู,โรงพยาบาลชมุ  ชน,F2,30,0,0,0,0,0,1,0.57,2746,7335,1575.93,62270
7,มหาสารคาม,11060,รพ.ยางสสีรุาช,โรงพยาบาลชมุ  ชน,F2,32,0,0,0,0,0,1,0.51,3080,6680,1567.1,62240
7,มหาสารคาม,24704,รพ.กดุรัง,โรงพยาบาลชมุ  ชน,F3,0,0,0,0,0,0,0,,,,,36060
7,มหาสารคาม,28843,รพ.ชนื่ชม,โรงพยาบาลชมุ  ชน,F3,0,0,0,0,0,0,0,,,,,8670
7,รอ้ยเอ็ด,10708,รพ.รอ้ยเอ็ด,โรงพยาบาลศนู  ย์,A,763,44,16,12,0,72,16,1.55,64183,281378,99670,665841
7,รอ้ยเอ็ด,11061,รพ.เกษตรวสิยั,โรงพยาบาลชมุ  ชน,M2,92,4,0,0,0,4,2,0.85,8060,23853,6853,206794
7,รอ้ยเอ็ด,11066,รพ.โพนทอง,โรงพยาบาลชมุ  ชน,M2,123,4,0,0,0,4,4,0.91,9493,29252,8656,216596
7,รอ้ยเอ็ด,11070,รพ.สวุรรณภมูิ,โรงพยาบาลชมุ  ชน,M2,156,0,2,0,0,2,2,0.8,11265,33981,9018,258919
7,รอ้ยเอ็ด,11069,รพ.เสลภมูิ,โรงพยาบาลชมุ  ชน,M2,90,0,0,0,0,0,1,0.65,8783,22302,5711,200225
7,รอ้ยเอ็ด,11065,รพ.พนมไพร,โรงพยาบาลชมุ  ชน,F1,40,0,0,0,0,0,1,0.65,2265,5848,1464,127293
7,รอ้ยเอ็ด,11063,รพ.จตรุพักตรพมิาน,โรงพยาบาลชมุ  ชน,F2,60,0,0,0,0,0,1,0.52,4428,10847,2295,144384
7,รอ้ยเอ็ด,11076,รพ.จังหาร,โรงพยาบาลชมุ  ชน,F2,34,0,0,0,0,0,2,0.52,2550,6592,1327,83420
7,รอ้ยเอ็ด,11064,รพ.ธวชับุรี,โรงพยาบาลชมุ  ชน,F2,30,0,0,0,0,0,1,0.63,2298,5775,1437,78919
7,รอ้ยเอ็ด,11062,รพ.ปทุมรัตต์,โรงพยาบาลชมุ  ชน,F2,34,0,0,0,0,0,1,0.53,2528,6500,1330,115751
7,รอ้ยเอ็ด,11067,รพ.โพธชิ์ยั,โรงพยาบาลชมุ  ชน,F2,39,0,0,0,0,0,2,0.53,2630,6157,1387,89880
7,รอ้ยเอ็ด,11072,รพ.โพนทราย,โรงพยาบาลชมุ  ชน,F2,30,0,0,0,0,0,1,0.55,2066,5367,1131,64682
7,รอ้ยเอ็ด,11074,รพ.เมยวดี,โรงพยาบาลชมุ  ชน,F2,28,0,0,0,0,0,1,0.61,1243,2980,761,56592
7,รอ้ยเอ็ด,11071,รพ.เมอืงสรวง,โรงพยาบาลชมุ  ชน,F2,35,0,0,0,0,0,1,0.78,1828,4713,1419,56022
7,รอ้ยเอ็ด,11075,รพ.ศรสีมเด็จ,โรงพยาบาลชมุ  ชน,F2,35,0,0,0,0,0,1,0.54,1902,5555,1028,68690
7,รอ้ยเอ็ด,11068,รพ.หนองพอก,โรงพยาบาลชมุ  ชน,F2,56,0,0,0,0,0,1,0.53,4104,11155,2192,97229
7,รอ้ยเอ็ด,11073,รพ.อาจสามารถ,โรงพยาบาลชมุ  ชน,F2,38,0,0,0,0,0,1,0.57,2802,6608,1596,117167
7,รอ้ยเอ็ด,27989,รพ.เชยีงขวญั,โรงพยาบาลชมุ  ชน,F3,0,0,0,0,0,0,0,,,,,32272
7,รอ้ยเอ็ด,27988,รพ.ทุ่งเขาหลวง,โรงพยาบาลชมุ  ชน,F3,0,0,0,0,0,0,0,,,,,33473
7,รอ้ยเอ็ด,27990,รพ.หนองฮี,โรงพยาบาลชมุ  ชน,F3,0,0,0,0,0,0,0,,,,,52866
8,นครพนม,10711,รพ.นครพนม,โรงพยาบาลทั่วไป,S,345,10,6,0,8,24,16,1.32,27457,112902,36215.78,359784
8,นครพนม,11451,รพ.สมเด็จพระยพุราชธาตพุนม,โรงพยาบาลชมุ  ชน,M2,139,8,0,0,0,8,2,0.67,7278,22296,4876.26,158981
8,นครพนม,11110,รพ.ศรสีงคราม,โรงพยาบาลชมุ  ชน,F1,80,0,0,0,0,0,1,0.67,6437,21115,4315.36,133519
8,นครพนม,11105,รพ.ท่าอเุทน,โรงพยาบาลชมุ  ชน,F2,40,0,0,0,0,0,1,0.43,2799,6540,1207.21,79124
8,นครพนม,11109,รพ.นาแก,โรงพยาบาลชมุ  ชน,F2,59,0,0,0,0,0,1,0.6,4789,14342,2849.46,130755
8,นครพนม,11107,รพ.นาทม,โรงพยาบาลชมุ  ชน,F2,42,0,0,0,0,0,1,0.57,1287,3678,727.41,44939
8,นครพนม,11111,รพ.นาหวา้,โรงพยาบาลชมุ  ชน,F2,38,0,0,0,0,0,1,0.48,2358,5892,1120.99,108605
8,นครพนม,11106,รพ.บา้นแพง,โรงพยาบาลชมุ  ชน,F2,43,0,0,0,0,0,1,0.48,3268,4970,1573.22,90441
8,นครพนม,11104,รพ.ปลาปาก,โรงพยาบาลชมุ  ชน,F2,50,0,0,0,0,0,2,0.51,2239,6616,1149.05,95721
8,นครพนม,11112,รพ.โพนสวรรค์,โรงพยาบาลชมุ  ชน,F2,40,0,0,0,0,0,1,0.47,2700,8108,1281.42,95343
8,นครพนม,11108,รพ.เรณูนคร,โรงพยาบาลชมุ  ชน,F2,46,0,0,0,0,0,2,0.52,3912,10537,2044.8,113579
8,นครพนม,40840,รพ.วงัยาง,โรงพยาบาลชมุ  ชน,F3,0,,,,,,,,,,,
8,บงึกาฬ,11040,รพ.บงึกาฬ,โรงพยาบาลทั่วไป,S,175,8,4,0,0,12,4,1.04,16118,60738,16748.21,194398
8,บงึกาฬ,11046,รพ.เซกา,โรงพยาบาลชมุ  ชน,F1,85,4,2,0,0,6,2,0.73,6009,21922,4383.57,101436
8,บงึกาฬ,11043,รพ.โซพ่สิยั,โรงพยาบาลชมุ  ชน,F2,59,0,0,0,0,0,1,0.67,4115,15939,2743.47,93160
8,บงึกาฬ,11048,รพ.บงึโขงหลง,โรงพยาบาลชมุ  ชน,F2,50,0,0,0,0,0,1,0.77,3988,13193,3054.41,77009
8,บงึกาฬ,11047,รพ.ปากคาด,โรงพยาบาลชมุ  ชน,F2,38,0,0,0,0,0,2,0.52,3857,11235,1998.31,107341
8,บงึกาฬ,11041,รพ.พรเจรญิ,โรงพยาบาลชมุ  ชน,F2,46,0,0,0,0,0,2,0.58,3522,10092,2060.02,104081
8,บงึกาฬ,11049,รพ.ศรวีไิล,โรงพยาบาลชมุ  ชน,F2,38,0,0,0,0,0,0,0.7,2709,9411,1894.4,89970
8,บงึกาฬ,11050,รพ.บุ่งคลา้,โรงพยาบาลชมุ  ชน,F3,16,0,0,0,0,0,0,0.67,1535,5147,1020.93,41861
8,เลย,10705,รพ.เลย,โรงพยาบาลทั่วไป,S,423,12,8,0,8,28,8,1.35,43413,161940,58668.33,430745
8,เลย,11447,รพ.สมเด็จพระยพุราชดา่นซา้ย,โรงพยาบาลชมุ  ชน,M2,60,0,0,0,0,0,2,0.73,5587,17935,4074.04,134091
8,เลย,11031,รพ.เชยีงคาน,โรงพยาบาลชมุ  ชน,F2,60,0,0,0,0,0,1,0.51,5183,13376,2659.92,123813
8,เลย,11035,รพ.ท่าลี่,โรงพยาบาลชมุ  ชน,F2,64,0,0,0,0,0,1,0.55,5304,14237,2921.44,76895
8,เลย,11030,รพ.นาดว้ง,โรงพยาบาลชมุ  ชน,F2,31,0,0,0,0,0,1,0.51,2158,6387,1094.75,55418
8,เลย,11032,รพ.ปากชม,โรงพยาบาลชมุ  ชน,F2,41,0,0,0,0,0,0,0.6,4851,14295,2925.15,80140
8,เลย,11039,รพ.ผาขาว,โรงพยาบาลชมุ  ชน,F2,44,0,0,0,0,0,0,0.47,3820,10019,1788.52,103281
8,เลย,11037,รพ.ภกูระดงึ,โรงพยาบาลชมุ  ชน,F2,51,0,0,0,0,0,0,0.52,3257,9847,1682.24,87001
8,เลย,11034,รพ.ภเูรอื,โรงพยาบาลชมุ  ชน,F2,34,0,0,0,0,0,1,0.48,1581,3760,755.09,58933
8,เลย,11038,รพ.ภหูลวง,โรงพยาบาลชมุ  ชน,F2,30,0,0,0,0,0,0,0.48,2760,6779,1318.18,57600
8,เลย,11036,รพ.วงัสะพงุ,โรงพยาบาลชมุ  ชน,F1,113,0,0,0,0,0,2,0.61,7914,24446,4851.28,175860
8,เลย,14133,รพ.เอราวณั,โรงพยาบาลชมุ  ชน,F2,36,0,0,0,0,0,0,0.63,3541,8319,2231.18,77897
8,เลย,11033,รพ.นาแหว้,โรงพยาบาลชมุ  ชน,F3,26,0,0,0,0,0,0,0.55,1077,2962,597.41,32573
8,เลย,28861,รพ.หนองหนิ,โรงพยาบาลชมุ  ชน,F3,20,0,0,0,0,0,0,0.58,1496,4032,867.53,52566
8,สกลนคร,10710,รพ.สกลนคร,โรงพยาบาลศนู  ย์,A,653,44,12,8,16,80,13,1.55,47533,259501,73619.11,525287
8,สกลนคร,11450,"รพ.สมเด็จพระยพุราชสวา่ง
แดนดนิ",โรงพยาบาลทั่วไป,M1,320,6,2,0,0,8,4,1,13623,48274,13612.1,375369
8,สกลนคร,11095,รพ.วานรนวิาส,โรงพยาบาลชมุ  ชน,M2,90,3,3,0,0,6,1,0.83,10211,34145,8521.08,189688
8,สกลนคร,11092,รพ.พังโคน,โรงพยาบาลชมุ  ชน,F1,83,0,0,0,0,0,2,0.8,7509,26351,6008.7,132407
8,สกลนคร,11090,รพ.กดุบาก,โรงพยาบาลชมุ  ชน,F2,30,0,0,0,0,0,1,0.54,2661,8789,1448.38,68088
8,สกลนคร,11089,รพ.กสุมุาลย์,โรงพยาบาลชมุ  ชน,F2,35,0,0,0,0,0,1,0.68,2259,6879,1533.86,79598
8,สกลนคร,11096,รพ.คาตากลา้,โรงพยาบาลชมุ  ชน,F2,36,0,0,0,0,0,1,0.55,3059,9287,1682.76,98520
8,สกลนคร,11101,รพ.โคกศรสีพุรรณ,โรงพยาบาลชมุ  ชน,F2,74,0,0,0,0,0,2,0.58,3855,12946,2252.09,176669
8,สกลนคร,11102,รพ.เจรญิศลิป์,โรงพยาบาลชมุ  ชน,F2,40,0,0,0,0,0,1,0.58,2127,6714,1228.77,82052
8,สกลนคร,11100,รพ.เตา่งอย,โรงพยาบาลชมุ  ชน,F2,30,0,0,0,0,0,1,0.51,2492,6978,1268.18,48174
8,สกลนคร,11097,รพ.บา้นมว่ง,โรงพยาบาลชมุ  ชน,F2,78,0,0,0,0,0,2,0.67,5820,19678,3914.53,135234
8,สกลนคร,21323,รพ.พระอาจารยแ์บนธนากโร,โรงพยาบาลชมุ  ชน,F2,46,0,0,0,0,0,1,0.8,2966,8067,2373.1,67437
8,สกลนคร,11091,รพ.พระอาจารยฝ์ั้นอาจาโร,โรงพยาบาลชมุ  ชน,F2,120,0,0,0,0,0,2,0.76,8740,23397,6668.62,141299
8,สกลนคร,11103,รพ.โพนนาแกว้,โรงพยาบาลชมุ  ชน,F2,40,0,0,0,0,0,1,0.62,2218,7071,1380.93,72656
8,สกลนคร,11093,รพ.วารชิภมูิ,โรงพยาบาลชมุ  ชน,F2,36,0,0,0,0,0,1,0.62,2649,7352,1639.47,90365
8,สกลนคร,11099,รพ.สอ่งดาว,โรงพยาบาลชมุ  ชน,F2,41,0,0,0,0,0,0,0.6,2921,8164,1765.74,85051
8,สกลนคร,11098,รพ.อากาศอานวย,โรงพยาบาลชมุ  ชน,F2,90,0,0,0,0,0,1,0.56,7210,23773,4059.23,167619
8,สกลนคร,11094,รพ.นคิมน้าอนู,โรงพยาบาลชมุ  ชน,F3,13,0,0,0,0,0,0,0.58,965,2650,563.66,30028
8,หนองคาย,10706,รพ.หนองคาย,โรงพยาบาลทั่วไป,S,346,12,10,12,8,42,8,1.32,26908,116517,35478.2,385616
8,หนองคาย,11448,รพ.สมเด็จพระยพุราชท่าบ่อ,โรงพยาบาลชมุ  ชน,M2,200,8,4,0,0,12,3,1.28,18139,69806,23168.94,280419
8,หนองคาย,11042,รพ.โพนพสิยั,โรงพยาบาลชมุ  ชน,F1,76,0,0,0,0,0,3,0.72,9891,26794,7078,163567
8,หนองคาย,11044,รพ.ศรเีชยีงใหม่,โรงพยาบาลชมุ  ชน,F2,30,0,0,0,0,0,1,0.51,2567,5908,1312.25,68340
8,หนองคาย,11045,รพ.สงัคม,โรงพยาบาลชมุ  ชน,F2,36,0,0,0,0,0,1,0.39,4292,8363,1688.04,73130
8,หนองคาย,28811,รพ.เฝ้าไร่,โรงพยาบาลชมุ  ชน,F3,0,0,0,0,0,0,0,,,,,58660
8,หนองคาย,28778,รพ.โพธติ์าก,โรงพยาบาลชมุ  ชน,F3,0,0,0,0,0,0,0,,,,,24283
8,หนองคาย,28815,รพ.รัตนวาปี,โรงพยาบาลชมุ  ชน,F3,0,0,0,0,0,0,0,,,,,40273
8,หนองคาย,21356,รพ.สระใคร,โรงพยาบาลชมุ  ชน,F3,30,0,0,0,0,0,0,0.47,1809,4647,845.35,51825
8,หนองบัวลาภู,10704,รพ.หนองบัวลาภู,โรงพยาบาลทั่วไป,S,313,8,4,0,2,14,6,1.21,23787,91036,28834.6,276844
8,หนองบัวลาภู,10993,รพ.ศรบีุญเรอืง,โรงพยาบาลชมุ  ชน,F1,94,0,0,0,0,0,2,0.72,7258,23691,5219.95,158414
8,หนองบัวลาภู,10991,รพ.นากลาง,โรงพยาบาลชมุ  ชน,F2,75,0,0,0,0,0,1,0.67,5062,13911,3403.69,127254
8,หนองบัวลาภู,23367,"รพ.นาวงัเฉลมิพระเกยีรติ๘๐
พรรษา",โรงพยาบาลชมุ  ชน,F2,40,0,0,0,0,0,1,0.89,3449,9398,3063.75,70113
8,หนองบัวลาภู,10992,รพ.โนนสงั,โรงพยาบาลชมุ  ชน,F2,35,0,0,0,0,0,1,0.68,2681,7859,1823.35,90791
8,หนองบัวลาภู,10994,รพ.สวุรรณคหูา,โรงพยาบาลชมุ  ชน,F2,51,0,0,0,0,0,0,0.64,3710,11495,2377.74,99002
8,อดุรธานี,10671,รพ.อดุรธานี,โรงพยาบาลศนู  ย์,A,924,81,12,8,0,101,20,2.12,67295,331988,142517.35,795352
8,อดุรธานี,11015,รพ.กมุภวาปี,โรงพยาบาลทั่วไป,M1,154,9,0,0,0,9,4,0.89,10628,40066,9461.05,235628
8,อดุรธานี,11023,รพ.บา้นผอื,โรงพยาบาลชมุ  ชน,M2,99,0,0,0,0,0,2,0.63,8952,28526,5646.03,219260
8,อดุรธานี,11018,รพ.หนองหาน,โรงพยาบาลชมุ  ชน,M2,94,0,0,0,0,0,2,0.66,9762,29751,6490.75,194610
8,อดุรธานี,11025,รพ.เพ็ญ,โรงพยาบาลชมุ  ชน,F1,117,0,0,0,0,0,2,0.69,8446,29955,5865.75,191815
8,อดุรธานี,11446,รพ.สมเด็จพระยพุราชบา้นดงุ,โรงพยาบาลชมุ  ชน,F1,114,0,0,0,0,0,2,0.66,8585,28478,5643.78,252527
8,อดุรธานี,11013,รพ.กดุจับ,โรงพยาบาลชมุ  ชน,F2,35,0,0,0,0,0,1,0.64,3827,10858,2442.77,131417
8,อดุรธานี,11020,รพ.ไชยวาน,โรงพยาบาลชมุ  ชน,F2,30,0,0,0,0,0,1,0.66,1741,5631,1149.58,82306
8,อดุรธานี,11019,รพ.ทุ่งฝน,โรงพยาบาลชมุ  ชน,F2,30,0,0,0,0,0,1,0.64,1365,4140,866.91,80263
8,อดุรธานี,11028,รพ.นายงู,โรงพยาบาลชมุ  ชน,F2,30,0,0,0,0,0,0,0.51,2282,4883,1155.15,47863
8,อดุรธานี,11024,รพ.น้าโสม,โรงพยาบาลชมุ  ชน,F2,70,0,0,0,0,0,1,0.58,6228,18841,3610.37,121309
8,อดุรธานี,11017,รพ.โนนสะอาด,โรงพยาบาลชมุ  ชน,F2,36,0,0,0,0,0,1,0.72,2937,7893,2103.19,140321
8,อดุรธานี,11029,รพ.พบิูลยร์ักษ์,โรงพยาบาลชมุ  ชน,F2,30,0,0,0,0,0,1,0.64,2393,6750,1533.67,65904
8,อดุรธานี,11022,รพ.วงัสามหมอ,โรงพยาบาลชมุ  ชน,F2,55,0,0,0,0,0,1,0.54,5251,14606,2860.74,102770
8,อดุรธานี,11021,รพ.ศรธีาตุ,โรงพยาบาลชมุ  ชน,F2,30,0,0,0,0,0,1,0.63,3506,9738,2197.91,89179
8,อดุรธานี,11026,รพ.สรา้งคอม,โรงพยาบาลชมุ  ชน,F2,30,0,0,0,0,0,1,0.6,2102,6326,1267.09,66658
8,อดุรธานี,11014,รพ.หนองววัซอ,โรงพยาบาลชมุ  ชน,F2,42,0,0,0,0,0,1,0.62,3696,9801,2287.08,102762
8,อดุรธานี,11027,รพ.หนองแสง,โรงพยาบาลชมุ  ชน,F2,34,0,0,0,0,0,0,0.55,2042,5842,1119.83,60039
8,อดุรธานี,25058,รพ.กู่แกว้,โรงพยาบาลชมุ  ชน,F3,10,0,0,0,0,0,0,0.61,314,926,192.92,45602
8,อดุรธานี,25059,รพ.ประจักษ์ศลิปาคม,โรงพยาบาลชมุ  ชน,F3,0,0,0,0,0,0,0,0.61,227,626,138.56,41884
8,อดุรธานี,11016,รพ.หว้ยเกงิ้,โรงพยาบาลชมุ  ชน,F3,10,0,0,0,0,0,0,0.61,61,165,36.98,34889
9,ชยัภมูิ,10702,รพ.ชยัภมูิ,โรงพยาบาลทั่วไป,S,626,24,12,4,8,48,9,1.37,44660,190910,48674.56,357964
9,ชยัภมูิ,10980,รพ.แกง้ครอ้,โรงพยาบาลชมุ  ชน,M2,94,0,0,0,0,0,2,0.62,6274,20715,3502.01,155291
9,ชยัภมูิ,10978,รพ.ภเูขยีว,โรงพยาบาลชมุ  ชน,M1,179,9,2,0,0,11,4,0.94,16179,65722,13890.37,466100
9,ชยัภมูิ,10973,รพ.หนองบัวแดง,โรงพยาบาลชมุ  ชน,M2,79,0,0,0,0,0,2,0.64,7829,23931,4570,178799
9,ชยัภมูิ,10974,รพ.จัตรุัส,โรงพยาบาลชมุ  ชน,F1,60,0,0,0,0,0,1,0.81,6377,20705,4845.63,158815
9,ชยัภมูิ,10975,รพ.บาเหน็จณรงค์,โรงพยาบาลชมุ  ชน,F1,75,0,0,0,0,0,2,0.61,5310,14329,2885.35,154143
9,ชยัภมูิ,10972,รพ.เกษตรสมบูรณ์,โรงพยาบาลชมุ  ชน,F2,78,0,0,0,0,0,1,0.65,6865,22444,4237.13,181646
9,ชยัภมูิ,10971,รพ.คอนสวรรค์,โรงพยาบาลชมุ  ชน,F2,30,0,0,0,0,0,1,0.63,3409,10025,1995.72,113924
9,ชยัภมูิ,10981,รพ.คอนสาร,โรงพยาบาลชมุ  ชน,F2,60,0,0,0,0,0,2,0.62,3869,11365,2211.12,113208
9,ชยัภมูิ,10977,รพ.เทพสถติ,โรงพยาบาลชมุ  ชน,F2,30,0,0,0,0,0,1,0.56,2508,8724,1571.76,85541
9,ชยัภมูิ,10983,รพ.เนนิสง่า,โรงพยาบาลชมุ  ชน,F2,30,0,0,0,0,0,1,0.55,2005,6079,1010.18,59588
9,ชยัภมูิ,10970,รพ.บา้นเขวา้,โรงพยาบาลชมุ  ชน,F2,50,0,0,0,0,0,1,0.53,4678,15720,2285.67,113317
9,ชยัภมูิ,10979,รพ.บา้นแท่น,โรงพยาบาลชมุ  ชน,F2,30,0,0,0,0,0,1,0.59,3355,9753,2016.78,114435
9,ชยัภมูิ,10982,รพ.ภักดชีมุพล,โรงพยาบาลชมุ  ชน,F2,30,0,0,0,0,0,1,0.58,2484,7126,1332.86,58659
9,ชยัภมูิ,10976,รพ.หนองบัวระเหว,โรงพยาบาลชมุ  ชน,F2,30,0,0,0,0,0,1,0.57,4575,11074,1843.88,83982
9,ชยัภมูิ,4007,รพ.ซบัใหญ่,โรงพยาบาลชมุ  ชน,F3,10,0,0,0,0,0,0,,73,128,0,10881
9,นครราชสมีา,10666,รพ.มหาราชนครราชสมีา,โรงพยาบาลศนู  ย์,A,1280,65,20,22,26,133,31,2.35,105032,569126,246462,947611
9,นครราชสมีา,23839,รพ.เทพรัตนน์ครราชสมีา,โรงพยาบาลทั่วไป,M1,200,4,0,0,0,4,4,0.97,13721,50260,13273.7,216268
9,นครราชสมีา,10890,รพ.ปากชอ่งนานา,โรงพยาบาลทั่วไป,M1,239,3,0,0,0,3,4,0.73,18380,68395,13492.76,345101
9,นครราชสมีา,10871,รพ.ครบุรี,โรงพยาบาลชมุ  ชน,M2,120,0,0,0,0,0,2,0.71,9177,32491,6492.73,197959
9,นครราชสมีา,10876,รพ.โชคชยั,โรงพยาบาลชมุ  ชน,M2,91,0,0,0,0,0,2,0.7,9120,30960,6388.56,182144
9,นครราชสมีา,10877,รพ.ดา่นขนุทด,โรงพยาบาลชมุ  ชน,M2,125,0,0,0,0,0,2,0.72,10020,28204,7220.41,216702
9,นครราชสมีา,10881,รพ.บัวใหญ่,โรงพยาบาลชมุ  ชน,M2,139,5,0,0,0,5,3,0.75,11034,41200,8313.92,201052
9,นครราชสมีา,10884,รพ.พมิาย,โรงพยาบาลชมุ  ชน,M2,144,0,0,0,0,0,3,0.84,14154,44092,11870.96,301268
9,นครราชสมีา,10875,รพ.จักราช,โรงพยาบาลชมุ  ชน,F1,64,0,0,0,0,0,1,0.64,5885,18966,3772.29,122549
9,นครราชสมีา,10886,รพ.ชมุพวง,โรงพยาบาลชมุ  ชน,F1,89,0,0,0,0,0,1,0.7,5875,19071,4133.06,134423
9,นครราชสมีา,10882,รพ.ประทาย,โรงพยาบาลชมุ  ชน,F1,85,0,0,0,0,0,2,0.64,6811,18832,4380.15,147778
9,นครราชสมีา,10883,รพ.ปักธงชยั,โรงพยาบาลชมุ  ชน,F1,140,0,0,0,0,0,2,0.6,10499,28586,6255.3,205656
9,นครราชสมีา,10889,รพ.สคีวิ้,โรงพยาบาลชมุ  ชน,F1,135,0,0,0,0,0,3,0.68,9989,37702,6762.55,247784
9,นครราชสมีา,10887,รพ.สงูเนนิ,โรงพยาบาลชมุ  ชน,F1,121,0,0,0,0,0,2,0.68,7503,25494,5080.28,179334
9,นครราชสมีา,10892,รพ.แกง้สนามนาง,โรงพยาบาลชมุ  ชน,F2,30,0,0,0,0,0,1,0.68,2243,5901,1525.46,79943
9,นครราชสมีา,10888,รพ.ขามทะเลสอ,โรงพยาบาลชมุ  ชน,F2,34,0,0,0,0,0,1,0.6,3173,9255,1908.56,70910
9,นครราชสมีา,10880,รพ.ขามสะแกแสง,โรงพยาบาลชมุ  ชน,F2,35,0,0,0,0,0,1,0.61,3947,12703,2400.17,117712
9,นครราชสมีา,10873,รพ.คง,โรงพยาบาลชมุ  ชน,F2,60,0,0,0,0,0,1,0.61,3417,12147,2089,107861
9,นครราชสมีา,11602,"รพ.เฉลมิพระเกยีรตสิมเด็จยา่
๑๐๐ปีเมอืงยาง",โรงพยาบาลชมุ  ชน,F2,34,0,0,0,0,0,1,0.77,1760,4769,1352.74,56558
9,นครราชสมีา,10893,รพ.โนนแดง,โรงพยาบาลชมุ  ชน,F2,49,0,0,0,0,0,1,0.67,2989,10573,2064.41,59981
9,นครราชสมีา,10878,รพ.โนนไทย,โรงพยาบาลชมุ  ชน,F2,66,0,0,0,0,0,1,0.6,6148,16933,3714.62,153346
9,นครราชสมีา,10879,รพ.โนนสงู,โรงพยาบาลชมุ  ชน,F2,81,0,0,0,0,0,1,0.66,6482,21761,4265.16,166327
9,นครราชสมีา,10874,รพ.บา้นเหลอื่ม,โรงพยาบาลชมุ  ชน,F2,35,0,0,0,0,0,0,0.72,2579,6820,1869.52,69709
9,นครราชสมีา,22456,"รพ.พระทองคาเฉลมิพระเกยีรติ
๘๐พรรษา",โรงพยาบาลชมุ  ชน,F2,30,0,0,0,0,0,1,0.61,2902,7765,1694.88,84644
9,นครราชสมีา,11608,รพ.ลาทะเมนชยั,โรงพยาบาลชมุ  ชน,F2,34,0,0,0,0,0,1,0.88,2213,5093,1951.2,69675
9,นครราชสมีา,10894,รพ.วงัน้าเขยีว,โรงพยาบาลชมุ  ชน,F2,42,0,0,0,0,0,1,0.62,3098,10238,1912.09,74510
9,นครราชสมีา,10872,รพ.เสงิสาง,โรงพยาบาลชมุ  ชน,F2,55,0,0,0,0,0,1,0.63,4430,13811,2798.43,144858
9,นครราชสมีา,10891,รพ.หนองบุญมาก,โรงพยาบาลชมุ  ชน,F2,60,0,0,0,0,0,1,0.75,4340,13088,3237.62,113623
9,นครราชสมีา,10885,รพ.หว้ยแถลง,โรงพยาบาลชมุ  ชน,F2,64,0,0,0,0,0,1,0.71,4425,15823,3146.62,130493
9,นครราชสมีา,24692,รพ.เฉลมิพระเกยีรติ,โรงพยาบาลชมุ  ชน,F3,30,0,0,0,0,0,1,0.74,1773,5720,1308.65,74680
9,นครราชสมีา,27841,รพ.เทพารักษ์,โรงพยาบาลชมุ  ชน,F3,30,0,0,0,0,0,0,,,,,24745
9,นครราชสมีา,27839,รพ.บัวลาย,โรงพยาบาลชมุ  ชน,F3,30,0,0,0,0,0,0,,,,,24171
9,นครราชสมีา,27840,รพ.สดีา,โรงพยาบาลชมุ  ชน,F3,30,0,0,0,0,0,0,,,,,33854
9,บุรรีัมย์,10667,รพ.บุรรีัมย์,โรงพยาบาลศนู  ย์,A,887,15,8,2,5,30,14,1.5,65068,275944,97387.28,689394
9,บุรรีัมย์,10897,รพ.นางรอง,โรงพยาบาลทั่วไป,S,362,12,8,0,0,20,7,1.02,25905,101491,26519,309903
9,บุรรีัมย์,10900,รพ.ประโคนชยั,โรงพยาบาลชมุ  ชน,M2,121,3,0,0,0,3,2,0.68,11156,35473,6971.7,336449
9,บุรรีัมย์,10904,รพ.ลาปลายมาศ,โรงพยาบาลชมุ  ชน,M2,163,5,0,0,0,5,2,0.53,15251,38053,8093.71,200220
9,บุรรีัมย์,10905,รพ.สตกึ,โรงพยาบาลชมุ  ชน,M2,113,0,0,0,0,0,1,0.69,8542,22413,5853.83,178471
9,บุรรีัมย์,10902,รพ.พทุไธสง,โรงพยาบาลชมุ  ชน,F1,61,0,0,0,0,0,1,0.57,5751,17347,3280.95,125783
9,บุรรีัมย์,10899,รพ.ละหานทราย,โรงพยาบาลชมุ  ชน,F1,111,0,0,0,0,0,2,0.63,8426,25507,5342.08,142896
9,บุรรีัมย์,10896,รพ.กระสงั,โรงพยาบาลชมุ  ชน,F2,88,0,0,0,0,0,1,0.61,5178,16955,3134.76,126295
9,บุรรีัมย์,10895,รพ.คเูมอืง,โรงพยาบาลชมุ  ชน,F1,80,0,0,0,0,0,1,0.68,6101,17719,4148.07,108301
9,บุรรีัมย์,11619,รพ.เฉลมิพระเกยีรติ,โรงพยาบาลชมุ  ชน,F2,37,0,0,0,0,0,0,0.61,1453,7599,1762.6,79987
9,บุรรีัมย์,10912,รพ.ชานิ,โรงพยาบาลชมุ  ชน,F2,32,0,0,0,0,0,1,0.63,2327,8396,1952,79557
9,บุรรีัมย์,10907,รพ.นาโพธิ์,โรงพยาบาลชมุ  ชน,F2,47,0,0,0,0,0,1,0.59,3249,10171,1906.84,80551
9,บุรรีัมย์,10914,รพ.โนนดนิแดง,โรงพยาบาลชมุ  ชน,F2,34,0,0,0,0,0,1,0.52,3140,9495,1611.28,73171
9,บุรรีัมย์,10911,รพ.โนนสวุรรณ,โรงพยาบาลชมุ  ชน,F2,36,0,0,0,0,0,0,0.64,2496,7317,1614.01,52586
9,บุรรีัมย์,10901,รพ.บา้นกรวด,โรงพยาบาลชมุ  ชน,F2,60,0,0,0,0,0,1,0.55,5411,16247,2973.34,139649
9,บุรรีัมย์,10913,รพ.บา้นใหมไ่ชยพจน์,โรงพยาบาลชมุ  ชน,F2,58,0,0,0,0,0,1,0.63,3008,11741,1906.47,77871
9,บุรรีัมย์,10906,รพ.ปะคา,โรงพยาบาลชมุ  ชน,F2,44,0,0,0,0,0,1,0.54,3446,9792,1847.75,71298
9,บุรรีัมย์,10909,รพ.พลับพลาชยั,โรงพยาบาลชมุ  ชน,F2,35,0,0,0,0,0,1,0.61,2819,8622,1722.41,77829
9,บุรรีัมย์,10898,รพ.หนองกี่,โรงพยาบาลชมุ  ชน,F2,70,0,0,0,0,0,1,0.53,7288,18202,3885.03,134865
9,บุรรีัมย์,10908,รพ.หนองหงส์,โรงพยาบาลชมุ  ชน,F2,40,0,0,0,0,0,1,0.54,3253,7916,1763.13,113955
9,บุรรีัมย์,10910,รพ.หว้ยราช,โรงพยาบาลชมุ  ชน,F2,43,0,0,0,0,0,1,0.64,2511,8960,1610.05,71755
9,บุรรีัมย์,23578,รพ.แคนดง,โรงพยาบาลชมุ  ชน,F3,31,0,0,0,0,0,0,0.5,1882,4646,936.13,70579
9,บุรรีัมย์,28020,รพ.บา้นดา่น,โรงพยาบาลชมุ  ชน,F3,22,0,0,0,0,0,1,0.65,1280,3596,827.65,48470
9,สรุนิทร์,10668,รพ.สรุนิทร์,โรงพยาบาลศนู  ย์,A,832,24,12,8,16,60,15,1.54,62950,319243,96766.74,622338
9,สรุนิทร์,10918,รพ.ปราสาท,โรงพยาบาลทั่วไป,M1,183,8,0,0,0,8,4,0.75,15426,49584,12646.01,254491
9,สรุนิทร์,10920,รพ.รัตนบุรี,โรงพยาบาลชมุ  ชน,M2,120,8,0,0,0,8,4,0.65,10995,33329,7092.87,199134
9,สรุนิทร์,10922,รพ.ศขีรภมูิ,โรงพยาบาลชมุ  ชน,M2,150,0,0,0,0,0,3,0.62,14242,45036,8830.04,223897
9,สรุนิทร์,10923,รพ.สงัขะ,โรงพยาบาลชมุ  ชน,M2,176,8,0,0,0,8,2,0.63,12394,37925,7810.7,204458
9,สรุนิทร์,10916,รพ.ท่าตมู,โรงพยาบาลชมุ  ชน,F1,140,0,0,0,0,0,2,0.57,8246,25658,4691.97,191177
9,สรุนิทร์,10919,รพ.กาบเชงิ,โรงพยาบาลชมุ  ชน,F2,85,0,0,0,0,0,1,0.56,5738,19242,3211.56,115387
9,สรุนิทร์,10917,รพ.จอมพระ,โรงพยาบาลชมุ  ชน,F2,60,0,0,0,0,0,1,0.53,2925,8611,1548.5,97320
9,สรุนิทร์,10915,รพ.ชมุพลบุรี,โรงพยาบาลชมุ  ชน,F2,66,0,0,0,0,0,1,0.55,4728,11797,2603.71,111701
9,สรุนิทร์,10926,รพ.บัวเชด,โรงพยาบาลชมุ  ชน,F2,43,0,0,0,0,0,1,0.52,3873,11940,2025.19,86075
9,สรุนิทร์,22302,"รพ.พนมดงรักเฉลมิพระเกยีรติ
๘๐พรรษา",โรงพยาบาลชมุ  ชน,F2,38,0,0,0,0,0,1,0.56,1477,4886,823.13,75672
9,สรุนิทร์,10924,รพ.ลาดวน,โรงพยาบาลชมุ  ชน,F2,115,0,0,0,0,0,2,0.55,12681,35418,6923.83,108437
9,สรุนิทร์,10921,รพ.สนม,โรงพยาบาลชมุ  ชน,F2,44,0,0,0,0,0,1,0.55,2410,7054,1333.94,77382
9,สรุนิทร์,10925,รพ.สาโรงทาบ,โรงพยาบาลชมุ  ชน,F2,48,0,0,0,0,0,1,0.53,4328,12437,2304.66,97171
9,สรุนิทร์,27842,รพ.เขวาสนิรนิทร์,โรงพยาบาลชมุ  ชน,F3,30,0,0,0,0,0,0,0.49,1909,4680,936.75,45709
9,สรุนิทร์,27844,รพ.โนนนารายณ์,โรงพยาบาลชมุ  ชน,F3,25,0,0,0,0,0,0,0.46,2541,5079,1176.74,60340
9,สรุนิทร์,27843,รพ.ศรณีรงค์,โรงพยาบาลชมุ  ชน,F3,30,0,0,0,0,0,0,0.53,2142,1710,1057,56668
10,มกุดาหาร,10712,รพ.มกุดาหาร,โรงพยาบาลทั่วไป,S,301,13,6,0,0,19,8,1.22,25594,102379,15448.97,263456
10,มกุดาหาร,11116,รพ.คาชะอี,โรงพยาบาลชมุ  ชน,F2,30,0,0,0,2,2,1,0.57,2590,8912,775.4,68409
10,มกุดาหาร,11115,รพ.ดงหลวง,โรงพยาบาลชมุ  ชน,F2,30,0,0,0,0,0,1,0.61,2104,4511,727.09,48262
10,มกุดาหาร,11114,รพ.ดอนตาล,โรงพยาบาลชมุ  ชน,F2,30,0,0,0,0,0,1,0.52,2143,6987,628.43,57993
10,มกุดาหาร,11113,รพ.นคิมคาสรอ้ย,โรงพยาบาลชมุ  ชน,F2,30,0,0,0,0,0,1,0.49,2167,6212,580.04,74327
10,มกุดาหาร,11118,รพ.หนองสงู,โรงพยาบาลชมุ  ชน,F2,30,0,0,0,0,0,1,0.47,2253,6789,651.79,45904
10,มกุดาหาร,11117,รพ.หวา้นใหญ่,โรงพยาบาลชมุ  ชน,F2,30,0,0,0,0,0,1,0.43,2457,4130,380.89,54171
10,ยโสธร,10701,รพ.ยโสธร,โรงพยาบาลทั่วไป,S,305,16,8,0,0,24,10,1.21,35841,109896,43407.04,347765
10,ยโสธร,11444,รพ.สมเด็จพระยพุราชเลงินกทา,โรงพยาบาลชมุ  ชน,F1,100,8,0,0,0,8,2,0.73,9749,27047,6344.05,157817
10,ยโสธร,10964,รพ.กดุชมุ,โรงพยาบาลชมุ  ชน,F2,35,0,0,0,0,0,1,0.57,3746,9241,2354.93,76616
10,ยโสธร,10968,รพ.คอ้วงั,โรงพยาบาลชมุ  ชน,F2,34,0,0,0,0,0,1,0.61,1909,6230,1167.35,63276
10,ยโสธร,10965,รพ.คาเขอื่นแกว้,โรงพยาบาลชมุ  ชน,F2,37,0,0,0,0,0,1,0.52,3665,9485,1898.51,115800
10,ยโสธร,10963,รพ.ทรายมลู,โรงพยาบาลชมุ  ชน,F2,36,0,0,0,0,0,0,0.62,1727,4512,1259.02,48174
10,ยโสธร,10966,รพ.ป่าตวิ้,โรงพยาบาลชมุ  ชน,F2,36,0,0,0,0,0,1,0.56,1552,4830,989.4,64318
10,ยโสธร,10967,รพ.มหาชนะชยั,โรงพยาบาลชมุ  ชน,F2,36,0,0,0,0,0,1,0.51,4221,9702,2173.39,101397
10,ยโสธร,10969,รพ.ไทยเจรญิ,โรงพยาบาลชมุ  ชน,F3,13,0,0,0,0,0,1,0.62,1367,3391,848.63,51916
10,ศรสีะเกษ,10700,รพ.ศรสีะเกษ,โรงพยาบาลทั่วไป,S,689,20,8,2,24,54,8,1.47,51231,228835,75383.98,470569
10,ศรสีะเกษ,10929,รพ.กันทรลักษ์,โรงพยาบาลชมุ  ชน,M2,204,8,4,0,0,12,4,0.59,16325,62208,9705.44,224412
10,ศรสีะเกษ,10930,รพ.ขขุันธ์,โรงพยาบาลชมุ  ชน,M2,109,4,0,0,0,4,2,0.82,10178,37026,8352.36,188747
10,ศรสีะเกษ,10935,รพ.อทุุมพรพสิยั,โรงพยาบาลชมุ  ชน,M2,100,0,0,0,0,0,1,0.72,9130,28894,6536.58,157405
10,ศรสีะเกษ,10933,รพ.ขนุหาญ,โรงพยาบาลชมุ  ชน,F1,94,0,0,0,0,0,1,0.67,9045,27583,6062.26,169748
10,ศรสีะเกษ,10934,รพ.ราษีไศล,โรงพยาบาลชมุ  ชน,F1,94,0,0,0,0,0,2,0.8,8042,29112,6346.94,137552
10,ศรสีะเกษ,10928,รพ.กันทรารมย์,โรงพยาบาลชมุ  ชน,F1,90,0,0,0,0,0,1,0.63,7635,20582,4819.86,168342
10,ศรสีะเกษ,10941,รพ.น้าเกลยี้ง,โรงพยาบาลชมุ  ชน,F2,33,0,0,0,0,0,1,0.65,2432,7624,1549.21,63322
10,ศรสีะเกษ,10938,รพ.โนนคณู,โรงพยาบาลชมุ  ชน,F2,30,0,0,0,0,0,1,0.6,2056,5596,1222.66,62894
10,ศรสีะเกษ,10936,รพ.บงึบูรพ์,โรงพยาบาลชมุ  ชน,F2,30,0,0,0,0,0,1,0.64,1849,5230,1180.38,46899
10,ศรสีะเกษ,23125,"รพ.เบญจลกัษ์เฉลมิพระเกยีรติ
๘๐พรรษา",โรงพยาบาลชมุ  ชน,F2,30,4,0,0,0,4,1,0.73,1872,6488,1364.55,68926
10,ศรสีะเกษ,10932,รพ.ปรางคก์ู่,โรงพยาบาลชมุ  ชน,F2,40,0,0,0,0,0,1,0.71,5701,12729,4038.52,96863
10,ศรสีะเกษ,10931,รพ.ไพรบงึ,โรงพยาบาลชมุ  ชน,F2,36,0,0,0,0,0,1,0.64,3214,11546,2043.4,83623
10,ศรสีะเกษ,10942,รพ.ภสูงิห์,โรงพยาบาลชมุ  ชน,F2,36,0,0,0,0,0,1,0.55,2768,7350,1513.62,88362
10,ศรสีะเกษ,10943,รพ.เมอืงจันทร์,โรงพยาบาลชมุ  ชน,F2,30,0,0,0,0,0,1,0.74,1769,5759,1308.02,42417
10,ศรสีะเกษ,10927,รพ.ยางชมุนอ้ย,โรงพยาบาลชมุ  ชน,F2,30,0,0,0,0,0,1,0.6,2962,7372,1762.06,75349
10,ศรสีะเกษ,10940,รพ.วงัหนิ,โรงพยาบาลชมุ  ชน,F2,37,0,0,0,0,0,1,0.65,2472,6734,1595.57,76326
10,ศรสีะเกษ,10939,รพ.ศรรีัตนะ,โรงพยาบาลชมุ  ชน,F2,65,0,0,0,0,0,1,0.57,5680,16386,3215.97,104601
10,ศรสีะเกษ,10937,รพ.หว้ยทับทัน,โรงพยาบาลชมุ  ชน,F2,30,0,0,0,0,0,1,0.54,2869,6701,1559.68,65729
10,ศรสีะเกษ,28014,รพ.พยหุ์,โรงพยาบาลชมุ  ชน,F3,10,0,0,0,0,0,0,0.63,1170,2144,720.55,50058
10,ศรสีะเกษ,28015,รพ.โพธศิ์รสีวุรรณ,โรงพยาบาลชมุ  ชน,F3,21,0,0,0,0,0,1,0.87,2120,4589,1827.3,32968
10,ศรสีะเกษ,28016,รพ.ศลิาลาด,โรงพยาบาลชมุ  ชน,F3,0,0,0,0,0,0,0,,,,,20128
10,อานาจเจรญิ,10703,รพ.อานาจเจรญิ,โรงพยาบาลทั่วไป,S,349,9,5,0,0,14,7,1.07,26329,117796,28108.84,378167
10,อานาจเจรญิ,10985,รพ.ชานุมาน,โรงพยาบาลชมุ  ชน,F2,35,0,0,0,0,0,1,0.52,2672,7547,1396.12,66004
10,อานาจเจรญิ,10986,รพ.ปทุมราชวงศา,โรงพยาบาลชมุ  ชน,F2,30,0,0,0,0,0,1,0.57,3271,10763,1870.85,94800
10,อานาจเจรญิ,10987,รพ.พนา,โรงพยาบาลชมุ  ชน,F2,30,0,0,0,0,0,1,0.6,1787,5420,1077.02,74106
10,อานาจเจรญิ,10990,รพ.ลอือานาจ,โรงพยาบาลชมุ  ชน,F2,30,0,0,0,0,0,1,0.59,2542,8389,1498,82622
10,อานาจเจรญิ,10988,รพ.เสนางคนคิม,โรงพยาบาลชมุ  ชน,F2,30,0,0,0,0,0,1,0.53,2384,6703,1254.22,74761
10,อานาจเจรญิ,10989,รพ.หัวตะพาน,โรงพยาบาลชมุ  ชน,F2,38,0,0,0,0,0,1,0.61,3903,12474,2382.78,91581
10,อบุลราชธานี,10669,รพ.สรรพสทิธปิระสงค์,โรงพยาบาลศนู  ย์,A,1218,250,32,28,190,500,25,2.09,99068,520062,207371.14,939959
10,อบุลราชธานี,21984,"รพ.๕๐พรรษามหาวชริาลง
กรณ์",โรงพยาบาลทั่วไป,S,150,10,0,0,0,10,4,0.91,9731,33789,8964.54,185787
10,อบุลราชธานี,10954,รพ.วารนิชาราบ,โรงพยาบาลทั่วไป,M1,209,5,0,0,0,5,4,0.91,14797,58750,14196.36,318417
10,อบุลราชธานี,11443,รพ.สมเด็จพระยพุราชเดชอดุม,โรงพยาบาลทั่วไป,M1,288,0,0,0,0,0,4,0.85,24383,97758,20280.54,299813
10,อบุลราชธานี,10951,รพ.ตระการพชืผล,โรงพยาบาลชมุ  ชน,M2,135,6,0,0,0,6,3,0.72,8989,33001,6344.55,223169
10,อบุลราชธานี,10956,รพ.พบิูลมังสาหาร,โรงพยาบาลชมุ  ชน,M2,105,2,0,0,0,2,2,0.61,9972,38827,5596.23,277612
10,อบุลราชธานี,10952,รพ.กดุขา้วปุ้น,โรงพยาบาลชมุ  ชน,F2,41,0,0,0,0,0,1,0.6,2888,8518,1879.01,94175
10,อบุลราชธานี,10947,รพ.เขมราฐ,โรงพยาบาลชมุ  ชน,F2,78,0,0,0,0,0,2,0.55,5677,16536,3326.62,206369
10,อบุลราชธานี,10946,รพ.เขอื่งใน,โรงพยาบาลชมุ  ชน,F2,64,0,0,0,0,0,1,0.62,5393,19609,3595.77,206319
10,อบุลราชธานี,10945,รพ.โขงเจยีม,โรงพยาบาลชมุ  ชน,F2,30,0,0,0,0,0,1,0.54,2401,7648,1338.16,66521
10,อบุลราชธานี,10960,รพ.ดอนมดแดง,โรงพยาบาลชมุ  ชน,F2,28,0,0,0,0,0,1,0.57,1714,6034,949.07,77264
10,อบุลราชธานี,10957,รพ.ตาลสมุ,โรงพยาบาลชมุ  ชน,F2,30,0,0,0,0,0,1,0.56,1234,3956,723.86,67396
10,อบุลราชธานี,10962,รพ.ทุ่งศรอีดุม,โรงพยาบาลชมุ  ชน,F2,25,0,0,0,0,0,1,0.49,1543,4382,791.36,70217
10,อบุลราชธานี,10948,รพ.นาจะหลวย,โรงพยาบาลชมุ  ชน,F2,36,0,0,0,0,0,1,0.53,3536,9499,1759.48,100931
10,อบุลราชธานี,10949,รพ.น้ายนื,โรงพยาบาลชมุ  ชน,F2,60,0,0,0,0,0,1,0.48,6207,17250,3062.85,147468
10,อบุลราชธานี,10950,รพ.บุณฑรกิ,โรงพยาบาลชมุ  ชน,F2,47,0,0,0,0,0,1,0.56,4918,17667,2641.86,144771
10,อบุลราชธานี,10958,รพ.โพธไิ์ทร,โรงพยาบาลชมุ  ชน,F2,34,0,0,0,0,0,1,0.67,2875,7920,2067.25,86687
10,อบุลราชธานี,10953,รพ.มว่งสามสบิ,โรงพยาบาลชมุ  ชน,F2,60,0,0,0,0,0,1,0.62,5767,16414,3534.31,135556
10,อบุลราชธานี,10944,รพ.ศรเีมอืงใหม่,โรงพยาบาลชมุ  ชน,F2,60,0,0,0,0,0,1,0.53,3484,11170,1894.69,137792
10,อบุลราชธานี,10959,รพ.สาโรง,โรงพยาบาลชมุ  ชน,F2,30,0,0,0,0,0,1,0.52,3134,8791,1730.12,134052
10,อบุลราชธานี,10961,รพ.สรินิธร,โรงพยาบาลชมุ  ชน,F2,37,0,0,0,0,0,1,0.61,3169,9809,2182.84,92223
10,อบุลราชธานี,24032,รพ.นาตาล,โรงพยาบาลชมุ  ชน,F3,11,0,0,0,0,0,0,0.59,1078,3183,670.73,63962
10,อบุลราชธานี,24821,รพ.นาเยยี,โรงพยาบาลชมุ  ชน,F3,13,0,0,0,0,0,0,0.65,1025,2720,671.41,61171
10,อบุลราชธานี,27968,รพ.น้าขุ่น,โรงพยาบาลชมุ  ชน,F3,10,0,0,0,0,0,0,0.52,1040,2872,549.7,51001
10,อบุลราชธานี,27967,รพ.สวา่งวรีะวงศ์,โรงพยาบาลชมุ  ชน,F3,10,0,0,0,0,0,1,0.69,785,2561,548.97,52665
10,อบุลราชธานี,27976,รพ.เหลา่เสอืโกก้,โรงพยาบาลชมุ  ชน,F3,11,0,0,0,0,0,0,0.58,625,2347,382.78,36703
11,กระบี่,10738,รพ.กระบี่,โรงพยาบาลทั่วไป,S,341,10,0,0,0,10,7,1.14,21907,129689,25675,331955
11,กระบี่,11340,รพ.เขาพนม,โรงพยาบาลชมุ  ชน,F2,30,0,0,0,0,0,0,0.59,3260,8410,1927,84910
11,กระบี่,11342,รพ.คลองท่อม,โรงพยาบาลชมุ  ชน,F2,30,0,0,0,0,0,1,0.52,5705,20858,2987,114655
11,กระบี่,11344,รพ.ปลายพระยา,โรงพยาบาลชมุ  ชน,F2,30,0,0,0,0,0,0,0.6,2892,,1722,67093
11,กระบี่,11345,รพ.ลาทับ,โรงพยาบาลชมุ  ชน,F2,30,0,0,0,0,0,0,0.5,2626,8181,1320,86316
11,กระบี่,11346,รพ.เหนอืคลอง,โรงพยาบาลชมุ  ชน,F2,30,0,0,0,0,0,0,0.5,3113,,1568,91722
11,กระบี่,11343,รพ.อา่วลกึ,โรงพยาบาลชมุ  ชน,F2,60,0,0,0,0,0,1,0.54,6175,,3344,100635
11,กระบี่,77753,รพ.เกาะพพีี,โรงพยาบาลชมุ  ชน,F3,10,0,0,0,0,0,0,0.5,18,,9,8600
11,กระบี่,11341,รพ.เกาะลันตา,โรงพยาบาลชมุ  ชน,F3,10,0,0,0,0,0,0,0.46,1070,,490,35584
11,ชมุพร,10744,รพ.ชมุพรเขตรอดุมศักดิ์,โรงพยาบาลทั่วไป,S,509,8,8,8,19,43,7,1.26,33463,121748,41948.71,671237
11,ชมุพร,11379,รพ.หลังสวน,โรงพยาบาลชมุ  ชน,M2,120,8,0,0,0,8,2,0.87,9008,34889,7267.05,234188
11,ชมุพร,11376,รพ.ท่าแซะ,โรงพยาบาลชมุ  ชน,F2,60,0,0,0,0,0,1,0.53,3930,14709,536.9,364217
11,ชมุพร,11377,รพ.ปะทวิ,โรงพยาบาลชมุ  ชน,F2,60,0,0,0,0,0,1,0.43,3473,13646,1500.34,134385
11,ชมุพร,11382,รพ.พะโต๊ะ,โรงพยาบาลชมุ  ชน,F2,30,0,0,0,0,0,1,0.54,1488,4013,797.68,110615
11,ชมุพร,11381,รพ.ละแม,โรงพยาบาลชมุ  ชน,F2,30,0,0,0,0,0,1,0.56,2640,7115,1467.93,159930
11,ชมุพร,11383,รพ.สวี,โรงพยาบาลชมุ  ชน,F2,60,0,0,0,0,0,1,0.59,3414,9886,2012.55,287215
11,ชมุพร,11385,รพ.ทุ่งตะโก,โรงพยาบาลชมุ  ชน,F3,10,0,0,0,0,0,1,0.45,2079,4933,911.77,96887
11,ชมุพร,11375,รพ.ปากน้าชมุพร,โรงพยาบาลชมุ  ชน,F3,10,0,0,0,0,0,1,0.44,1939,5450,836.65,81881
11,ชมุพร,11380,รพ.ปากน้าหลังสวน,โรงพยาบาลชมุ  ชน,F3,10,0,0,0,0,0,1,0.59,1151,3550,613.1,103363
11,ชมุพร,11378,รพ.มาบอามฤต,โรงพยาบาลชมุ  ชน,F3,10,0,0,0,0,0,1,0.4,2756,7453,1120.39,85187
11,นครศรธีรรมราช,10680,รพ.มหาราชนครศรธีรรมราช,โรงพยาบาลศนู  ย์,A,701,19,10,3,0,32,18,1.56,49853,241671,77633.64,595925
11,นครศรธีรรมราช,11330,รพ.ทุ่งสง,โรงพยาบาลทั่วไป,M1,234,6,4,0,0,10,4,0.93,18928,82372,20824,283077
11,นครศรธีรรมราช,11335,รพ.สชิล,โรงพยาบาลทั่วไป,M1,195,8,1,0,0,9,5,0.9,17140,71801,15493,214826
11,นครศรธีรรมราช,11329,รพ.ท่าศาลา,โรงพยาบาลชมุ  ชน,M2,138,4,2,0,0,6,4,0.83,15644,52261,12969,259331
11,นครศรธีรรมราช,11333,รพ.ปากพนัง,โรงพยาบาลชมุ  ชน,M2,118,0,0,0,0,0,1,0.59,5065,17839,2981,148433
11,นครศรธีรรมราช,11325,รพ.สมเด็จพระยพุราชฉวาง,โรงพยาบาลชมุ  ชน,M2,104,0,0,0,0,0,2,0.61,6424,18860,2351,142196
11,นครศรธีรรมราช,11328,รพ.ชะอวด,โรงพยาบาลชมุ  ชน,F1,60,0,0,0,0,0,0,0.47,7691,23512,3571,152992
11,นครศรธีรรมราช,11327,รพ.เชยีรใหญ่,โรงพยาบาลชมุ  ชน,F1,62,0,0,0,0,0,1,0.58,3592,15634,2431,124753
11,นครศรธีรรมราช,11332,รพ.ทุ่งใหญ่,โรงพยาบาลชมุ  ชน,F1,63,0,0,0,0,0,2,0.49,3829,11237,2018,122156
11,นครศรธีรรมราช,11334,รพ.ร่อนพบิูลย์,โรงพยาบาลชมุ  ชน,F1,50,0,0,0,0,0,0,0.47,55567,16619,2602,126061
11,นครศรธีรรมราช,11336,รพ.ขนอม,โรงพยาบาลชมุ  ชน,F2,62,0,0,0,0,0,1,0.47,5021,14743,2345,94376
11,นครศรธีรรมราช,11660,รพ.จุฬาภรณ์,โรงพยาบาลชมุ  ชน,F2,34,0,0,0,0,0,0,0.47,1140,4747,771,61584
11,นครศรธีรรมราช,11331,รพ.นาบอน,โรงพยาบาลชมุ  ชน,F2,30,0,0,0,0,0,1,0.48,3557,8464,970,15274
11,นครศรธีรรมราช,11338,รพ.บางขัน,โรงพยาบาลชมุ  ชน,F2,30,0,0,0,0,0,0,0.43,3105,5855,1073,83088
11,นครศรธีรรมราช,11322,รพ.พรหมครีี,โรงพยาบาลชมุ  ชน,F2,30,0,0,0,0,0,1,0.46,2538,10219,1533,78708
11,นครศรธีรรมราช,11326,รพ.พปิูน,โรงพยาบาลชมุ  ชน,F2,33,0,0,0,0,0,1,0.61,2375,8601,1794,87359
11,นครศรธีรรมราช,11324,รพ.ลานสกา,โรงพยาบาลชมุ  ชน,F2,30,0,0,0,0,0,1,0.6,3619,12615,2826,123584
11,นครศรธีรรมราช,11337,รพ.หัวไทร,โรงพยาบาลชมุ  ชน,F2,60,0,0,0,0,0,2,0.49,4957,11795,2439,78744
11,นครศรธีรรมราช,40491,รพ.เฉลมิพระเกยีรติ,โรงพยาบาลชมุ  ชน,F3,0,0,0,0,0,0,0,,,,,
11,นครศรธีรรมราช,11339,รพ.ถ้าพรรณรา,โรงพยาบาลชมุ  ชน,F3,15,0,0,0,0,0,0,0.46,902,2959,501,42252
11,นครศรธีรรมราช,40742,รพ.นบพติา,โรงพยาบาลชมุ  ชน,F3,0,0,0,0,0,0,0,,,,,
11,นครศรธีรรมราช,40743,รพ.พระพรหม,โรงพยาบาลชมุ  ชน,F3,0,0,,,,,,,,,,
11,นครศรธีรรมราช,40492,รพ.พอ่ท่านคลา้ยวาจาสทิธิ์,โรงพยาบาลชมุ  ชน,F3,0,0,0,0,0,0,0,,,,,
11,พังงา,10739,รพ.พังงา,โรงพยาบาลทั่วไป,S,215,8,5,0,0,13,5,1,14867,59234,14932.41,235067
11,พังงา,10740,รพ.ตะกั่วป่า,โรงพยาบาลทั่วไป,M1,187,8,6,0,0,14,5,0.93,12079,45924,11292.66,164716
11,พังงา,11348,รพ.กะปงชยัพัฒน์,โรงพยาบาลชมุ  ชน,F2,30,0,0,0,0,0,1,0,0,,0,34091
11,พังงา,11347,รพ.เกาะยาวชยัพัฒน์,โรงพยาบาลชมุ  ชน,F2,30,0,0,0,0,0,0,0.39,636,1452,246.2,30996
11,พงังา,11352,รพ.ครุะบุรชียัพัฒน์,โรงพยาบาลชมุ  ชน,F2,30,0,0,0,0,0,1,0.6,1726,3157,1030.42,51559
11,พังงา,11349,รพ.ตะกั่วทุ่ง,โรงพยาบาลชมุ  ชน,F2,30,0,0,0,0,0,1,0.61,1929,6473,1180,83840
11,พังงา,11353,รพ.ทับปุด,โรงพยาบาลชมุ  ชน,F2,30,0,0,0,0,0,1,,,,,58057
11,พังงา,11354,รพ.ทา้ยเหมอืงชยัพัฒน์,โรงพยาบาลชมุ  ชน,F2,30,0,0,0,0,0,1,0.57,2307,7914,1312,65928
11,พังงา,11350,รพ.บางไทร,โรงพยาบาลชมุ  ชน,F3,10,0,0,0,0,0,1,0.62,232,1378,144,28667
11,ภเูก็ต,10741,รพ.วชริะภเูก็ต,โรงพยาบาลศนู  ย์,A,551,18,8,8,0,34,12,1.34,32814,202543,50208.93,503509
11,ภเูก็ต,11355,รพ.ป่าตอง,โรงพยาบาลชมุ  ชน,M2,60,0,0,0,0,0,3,0.55,4151,11706,2296.33,1627
11,ภเูก็ต,11356,รพ.ถลาง,โรงพยาบาลชมุ  ชน,F1,75,0,0,0,0,0,1,0.45,5711,17848,2582,171440
11,ระนอง,10743,รพ.ระนอง,โรงพยาบาลทั่วไป,S,300,8,6,0,0,14,4,1.09,19263,76734,19374.11,324487
11,ระนอง,11373,รพ.กระบุรี,โรงพยาบาลชมุ  ชน,F2,48,0,0,0,0,0,1,0.48,3603,8426,1712.88,89825
11,ระนอง,11372,รพ.กะเปอร์,โรงพยาบาลชมุ  ชน,F2,30,0,0,0,0,0,1,0.47,1999,5337,781.16,55825
11,ระนอง,11323,รพ.ละอุ่น,โรงพยาบาลชมุ  ชน,F3,12,0,0,0,0,0,0,0.44,676,1744,299.47,25257
11,ระนอง,11374,รพ.สขุสาราญ,โรงพยาบาลชมุ  ชน,F3,24,0,0,0,0,0,0,0.51,1192,3168,560.12,26640
11,สรุาษฎรธ์านี,10681,รพ.สรุาษฎรธ์านี,โรงพยาบาลศนู  ย์,A,780,12,16,9,48,85,14,1.67,60961,281624,102044,610151
11,สรุาษฎรธ์านี,10742,รพ.เกาะสมยุ,โรงพยาบาลทั่วไป,M1,126,4,0,0,0,4,4,0.79,13497,47462,10664,224291
11,สรุาษฎรธ์านี,11357,รพ.กาญจนดษิฐ์,โรงพยาบาลชมุ  ชน,M2,120,8,0,0,0,8,2,0.63,9877,35204,6248,227166
11,สรุาษฎรธ์านี,11360,รพ.ไชยา,โรงพยาบาลชมุ  ชน,M2,70,0,0,0,0,0,1,0.5,5065,13984,2511,127588
11,สรุาษฎรธ์านี,14138,รพ.ท่าโรงชา้ง,โรงพยาบาลชมุ  ชน,M2,73,0,0,0,0,0,0,0.48,4599,15263,2224.08,141209
11,สรุาษฎรธ์านี,11366,รพ.บา้นนาสาร,โรงพยาบาลชมุ  ชน,M2,77,0,0,0,0,0,1,0.56,6155,17185,3474.5,174922
11,สรุาษฎรธ์านี,11459,รพ.สมเด็จพระยพุราชเวยีงสระ,โรงพยาบาลชมุ  ชน,M2,110,0,0,0,0,0,2,0.59,7329,23472,4316.05,152034
11,สรุาษฎรธ์านี,11359,รพ.เกาะพงัน,โรงพยาบาลชมุ  ชน,F2,33,0,0,0,0,0,0,0.44,2507,6018,649,58456
11,สรุาษฎรธ์านี,11362,รพ.ครีรีัฐนคิม,โรงพยาบาลชมุ  ชน,F2,30,0,0,0,0,0,1,0.44,4497,10390,2012,98444
11,สรุาษฎรธ์านี,11368,รพ.เคยีนซา,โรงพยาบาลชมุ  ชน,F2,44,0,0,0,0,0,1,0.52,4415,11754,2309.05,110792
11,สรุาษฎรธ์านี,11371,รพ.ชยับุรี,โรงพยาบาลชมุ  ชน,F2,30,0,0,0,0,0,0,0.5,2726,6901,1357,85744
11,สรุาษฎรธ์านี,11358,รพ.ดอนสกั,โรงพยาบาลชมุ  ชน,F2,30,0,0,0,0,0,1,0.54,2671,6649,1452,91702
11,สรุาษฎรธ์านี,11365,รพ.ท่าฉาง,โรงพยาบาลชมุ  ชน,F2,28,0,0,0,0,0,0,0.55,2420,6242,1328,82950
11,สรุาษฎรธ์านี,11361,รพ.ท่าชนะ,โรงพยาบาลชมุ  ชน,F2,30,0,0,0,0,0,0,0.45,4232,13529,1904,103914
11,สรุาษฎรธ์านี,11367,รพ.บา้นนาเดมิ,โรงพยาบาลชมุ  ชน,F2,30,0,0,0,0,0,0,0.52,2100,6171,1100.32,90650
11,สรุาษฎรธ์านี,11364,รพ.พนม,โรงพยาบาลชมุ  ชน,F2,46,0,0,0,0,0,0,0.49,3517,9766,1718,77508
11,สรุาษฎรธ์านี,11369,รพ.พระแสง,โรงพยาบาลชมุ  ชน,F2,60,0,0,0,0,0,1,0.54,5235,13973,2819,142552
11,สรุาษฎรธ์านี,11370,รพ.พนุพนิ,โรงพยาบาลชมุ  ชน,F2,83,0,0,0,0,0,1,0.49,4660,17017,2301.11,119551
11,สรุาษฎรธ์านี,11654,รพ.วภิาวดี,โรงพยาบาลชมุ  ชน,F2,30,0,0,0,0,0,0,0.4,2095,5466,840,57504
11,สรุาษฎรธ์านี,11363,รพ.บา้นตาขนุ,โรงพยาบาลชมุ  ชน,F3,41,0,0,0,0,0,0,0.42,3331,9775,1405,72973
12,ตรัง,10683,รพ.ตรัง,โรงพยาบาลศนู  ย์,A,551,14,8,2,7,31,9,1.41,47030,201926,66251.16,557693
12,ตรัง,11411,รพ.หว้ยยอด,โรงพยาบาลชมุ  ชน,M2,90,0,0,0,0,0,1,0.49,10498,27614,5129.32,193368
12,ตรัง,11408,รพ.ยา่นตาขาว,โรงพยาบาลชมุ  ชน,F1,60,0,0,0,0,0,1,0.47,7188,17030,3376.92,141060
12,ตรัง,11407,รพ.กันตัง,โรงพยาบาลชมุ  ชน,F1,60,0,0,0,0,0,2,0.52,10560,22730,5492.26,192859
12,ตรัง,11413,รพ.นาโยง,โรงพยาบาลชมุ  ชน,F2,60,0,0,0,0,0,1,0.5,6690,15864,3316.23,111153
12,ตรัง,11409,รพ.ปะเหลยีน,โรงพยาบาลชมุ  ชน,F2,30,0,0,0,0,0,1,0.47,6601,12728,3126.23,116931
12,ตรัง,14139,รพ.รัษฎา,โรงพยาบาลชมุ  ชน,F2,30,0,0,0,0,0,1,0.44,3653,8113,1617.18,73750
12,ตรัง,11412,รพ.วงัวเิศษ,โรงพยาบาลชมุ  ชน,F2,30,0,0,0,0,0,1,0.43,4144,9032,1786.48,82475
12,ตรัง,11410,รพ.สเิกา,โรงพยาบาลชมุ  ชน,F2,60,0,0,0,0,0,1,0.51,5027,12208,2573.32,90304
12,ตรัง,28817,"รพ.หาดสาราญเฉลมิพระเกยีรติ
๘๐พรรษา",โรงพยาบาลชมุ  ชน,F3,0,0,0,0,0,0,0,,,,,45686
12,นราธวิาส,10750,รพ.นราธวิาสราชนครนิทร์,โรงพยาบาลทั่วไป,S,407,10,13,8,12,43,8,1.12,30247,141008,33734.62,376899
12,นราธวิาส,10751,รพ.สไุหงโก-ลก,โรงพยาบาลทั่วไป,M1,208,8,5,0,0,13,4,1.03,15185,62244,15563.84,267951
12,นราธวิาส,11435,รพ.ตากใบ,โรงพยาบาลชมุ  ชน,F1,60,0,0,0,0,0,1,0.46,6779,22208,3095.51,164878
12,นราธวิาส,11437,รพ.ระแงะ,โรงพยาบาลชมุ  ชน,F1,85,0,0,0,0,0,1,0.48,9751,30286,4661.56,154797
12,นราธวิาส,13818,รพ.จะแนะ,โรงพยาบาลชมุ  ชน,F2,37,0,0,0,0,0,0,0.46,6030,17127,2492.2,69650
12,นราธวิาส,15010,รพ.เจาะไอรอ้ง,โรงพยาบาลชมุ  ชน,F2,30,0,0,0,0,0,0,0.48,2873,9923,1437.65,53812
12,นราธวิาส,11436,รพ.บาเจาะ,โรงพยาบาลชมุ  ชน,F2,30,0,0,0,0,0,0,0.48,5843,15138,2777.29,103675
12,นราธวิาส,23771,"รพ.ยงี่อเฉลมิพระเกยีรติ๘๐
พรรษา",โรงพยาบาลชมุ  ชน,F2,36,0,0,0,0,0,0,0.57,4557,13861,2573.63,76907
12,นราธวิาส,11438,รพ.รอืเสาะ,โรงพยาบาลชมุ  ชน,F2,62,0,0,0,0,0,0,0.47,9317,26004,4312,116730
12,นราธวิาส,11440,รพ.แวง้,โรงพยาบาลชมุ  ชน,F2,36,0,0,0,0,0,0,0.49,4469,12563,2188.47,88637
12,นราธวิาส,11439,รพ.ศรสีาคร,โรงพยาบาลชมุ  ชน,F2,42,0,0,0,0,0,0,0.43,6160,19050,2697.61,76125
12,นราธวิาส,11441,รพ.สคุรินิ,โรงพยาบาลชมุ  ชน,F2,38,0,0,0,0,0,0,0.58,3793,13497,2172.65,51743
12,นราธวิาส,11442,รพ.สไุหงปาดี,โรงพยาบาลชมุ  ชน,F2,35,0,0,0,0,0,0,0.55,3908,13835,2161.12,91446
12,ปัตตานี,10748,รพ.ปัตตานี,โรงพยาบาลทั่วไป,S,504,30,14,0,0,44,7,1.21,30179,162177,36628.25,563504
12,ปัตตานี,11460,รพ.สมเด็จพระยพุราชสายบุรี,โรงพยาบาลชมุ  ชน,M2,73,0,1,0,0,1,2,0.64,5640,19340,3604.52,185237
12,ปัตตานี,11423,รพ.โคกโพธิ์,โรงพยาบาลชมุ  ชน,F1,104,0,0,0,0,0,1,0.58,5830,20171,3408.22,117253
12,ปัตตานี,11464,รพ.กะพอ้,โรงพยาบาลชมุ  ชน,F2,32,0,0,0,0,0,0,0.51,2510,7568,1275.58,36984
12,ปัตตานี,11427,รพ.ทุ่งยางแดง,โรงพยาบาลชมุ  ชน,F2,30,0,0,0,0,0,0,0.48,3391,8988,1616.15,101446
12,ปัตตานี,11425,รพ.ปะนาเระ,โรงพยาบาลชมุ  ชน,F2,38,0,0,0,0,0,0,0.48,2774,8512,1337.9,152649
12,ปัตตานี,11426,รพ.มายอ,โรงพยาบาลชมุ  ชน,F2,42,0,0,0,0,0,0,0.47,4051,12581,1913.29,134383
12,ปัตตานี,11431,รพ.แมล่าน,โรงพยาบาลชมุ  ชน,F2,18,0,0,0,0,0,0,0.47,1126,3333,528.54,79306
12,ปัตตานี,11428,รพ.ไมแ้กน่,โรงพยาบาลชมุ  ชน,F2,30,0,0,0,0,0,0,0.44,1693,6201,742.89,59852
12,ปัตตานี,11430,รพ.ยะรัง,โรงพยาบาลชมุ  ชน,F2,49,0,0,0,0,0,0,0.47,4375,12854,2048.81,64951
12,ปัตตานี,11429,รพ.ยะหรงิ่,โรงพยาบาลชมุ  ชน,F2,62,0,0,0,0,0,1,0.48,5732,17844,2765.69,95430
12,ปัตตานี,11424,รพ.หนองจกิ,โรงพยาบาลชมุ  ชน,F2,44,0,0,0,0,0,0,0.5,4251,14572,2106.8,143836
12,พัทลงุ,10747,รพ.พัทลงุ,โรงพยาบาลทั่วไป,S,445,14,10,0,11,35,11,1.16,33558,168422,41340.55,432778
12,พัทลงุ,11417,รพ.ควนขนุน,โรงพยาบาลชมุ  ชน,M2,90,0,0,0,0,0,2,0.56,6831,20184,3815,182458
12,พัทลงุ,11416,รพ.ตะโหมด,โรงพยาบาลชมุ  ชน,F1,30,0,0,0,0,0,1,0.5,2641,6331,1319.18,84066
12,พัทลงุ,11414,รพ.กงหรา,โรงพยาบาลชมุ  ชน,F2,30,0,0,0,0,0,1,0.43,2127,4790,921.2,115412
12,พัทลงุ,11415,รพ.เขาชยัสน,โรงพยาบาลชมุ  ชน,F2,30,0,0,0,0,0,1,0.42,2868,6353,1211.44,78472
12,พัทลงุ,11421,รพ.บางแกว้,โรงพยาบาลชมุ  ชน,F2,30,0,0,0,0,0,1,0.47,2637,6439,1244.66,84687
12,พัทลงุ,11418,รพ.ปากพะยนู,โรงพยาบาลชมุ  ชน,F2,30,0,0,0,0,0,0,0.48,3615,8879,1734.12,102603
12,พัทลงุ,11420,รพ.ป่าบอน,โรงพยาบาลชมุ  ชน,F2,30,0,0,0,0,0,1,0.49,3014,6675,1488.61,82338
12,พัทลงุ,11422,รพ.ป่าพะยอม,โรงพยาบาลชมุ  ชน,F2,30,0,0,0,0,0,1,0.43,3428,7638,1413.71,103546
12,พัทลงุ,11419,รพ.ศรบีรรพต,โรงพยาบาลชมุ  ชน,F2,30,0,0,0,0,0,1,0.51,1511,3572,773.93,57483
12,พทัลงุ,24673,"รพ.ศรนีครนิทร(์ปัญญานันท
ภกิข)ุ",โรงพยาบาลชมุ  ชน,F3,30,0,0,0,0,0,1,0.5,2298,6162,1151,59338
12,ยะลา,10684,รพ.ยะลา,โรงพยาบาลศนู  ย์,A,479,16,12,0,25,53,13,1.37,49887,171620,42695.52,524025
12,ยะลา,10749,รพ.เบตง,โรงพยาบาลทั่วไป,M1,170,7,6,0,0,13,3,0.73,9056,30597,6610.88,230365
12,ยะลา,11434,รพ.รามัน,โรงพยาบาลชมุ  ชน,F1,89,0,0,0,0,0,1,0.49,9225,26050,4490,134829
12,ยะลา,11461,รพ.สมเด็จพระยพุราชยะหา,โรงพยาบาลชมุ  ชน,F1,72,0,0,0,0,0,1,0.47,5665,16775,2652.92,105600
12,ยะลา,24689,รพ.กรงปินัง,โรงพยาบาลชมุ  ชน,F2,30,0,0,0,0,0,0,0.46,2199,6817,1017,48492
12,ยะลา,13806,รพ.กาบัง,โรงพยาบาลชมุ  ชน,F2,30,0,0,0,0,0,0,0.45,2486,7285,1109,43276
12,ยะลา,11433,รพ.ธารโต,โรงพยาบาลชมุ  ชน,F2,29,0,0,0,0,0,0,0.43,3011,8764,1328,53142
12,ยะลา,11432,รพ.บันนังสตา,โรงพยาบาลชมุ  ชน,F2,60,0,0,0,0,0,0,0.5,5178,16293,2568,88278
12,สงขลา,10682,รพ.หาดใหญ่,โรงพยาบาลศนู  ย์,A,568,53,20,8,0,81,20,1.65,54805,277796,90436,948167
12,สงขลา,10745,รพ.สงขลา,โรงพยาบาลทั่วไป,S,508,16,12,0,30,58,10,1.19,38270,171637,46349,661795
12,สงขลา,11388,"รพ.สมเด็จพระบรมราชนินีาถณ
อาเภอนาทวี",โรงพยาบาลชมุ  ชน,M2,121,2,2,0,0,4,3,0.66,7895,26698,5195,154218
12,สงขลา,11392,รพ.ระโนด,โรงพยาบาลชมุ  ชน,F1,60,0,0,0,0,0,1,0.5,6333,16867,3146,137529
12,สงขลา,11393,รพ.กระแสสนิธุ์,โรงพยาบาลชมุ  ชน,F2,30,0,0,0,0,0,0,0.46,1285,4256,586.22,30587
12,สงขลา,11401,รพ.คลองหอยโขง่,โรงพยาบาลชมุ  ชน,F2,30,0,0,0,0,0,0,0.5,2239,5081,1109.87,62572
12,สงขลา,11397,รพ.ควนเนยีง,โรงพยาบาลชมุ  ชน,F2,30,0,0,0,0,0,0,0.47,2067,5826,977.48,75525
12,สงขลา,11387,รพ.จะนะ,โรงพยาบาลชมุ  ชน,F2,68,0,0,0,0,0,2,0.51,5936,16249,3028.55,67167
12,สงขลา,11390,รพ.เทพา,โรงพยาบาลชมุ  ชน,F2,60,0,0,0,0,0,1,0.46,5043,15699,2308.18,95038
12,สงขลา,11396,รพ.นาหมอ่ม,โรงพยาบาลชมุ  ชน,F2,28,0,0,0,0,0,0,0.69,2081,5598,1431.1,68388
12,สงขลา,11399,รพ.บางกล่า,โรงพยาบาลชมุ  ชน,F2,24,0,0,0,0,0,0,0.6,1859,6498,1110.94,59081
12,สงขลา,11398,รพ.ปาดังเบซาร์,โรงพยาบาลชมุ  ชน,F2,30,0,0,0,0,0,1,0.46,2487,7361,1136.31,42876
12,สงขลา,11394,รพ.รัตภมูิ,โรงพยาบาลชมุ  ชน,F2,36,0,0,0,0,0,1,0.51,4290,12301,2175.46,128110
12,สงขลา,11386,รพ.สทงิพระ,โรงพยาบาลชมุ  ชน,F2,30,0,0,0,0,0,0,0.49,2846,7488,1401.66,167072
12,สงขลา,11395,รพ.สะเดา,โรงพยาบาลชมุ  ชน,F2,30,0,0,0,0,0,1,0.48,4494,11396,2167.01,61671
12,สงขลา,11391,รพ.สะบา้ยอ้ย,โรงพยาบาลชมุ  ชน,F2,44,0,0,0,0,0,0,0.5,4418,13207,2201.49,76155
12,สงขลา,11400,รพ.สงิหนคร,โรงพยาบาลชมุ  ชน,F2,30,0,0,0,0,0,1,0.49,2174,5628,1057.87,106719
12,สตลู,10746,รพ.สตลู,โรงพยาบาลทั่วไป,S,202,9,16,0,0,25,5,1.05,19808,85351,20470,275182
12,สตลู,11405,รพ.ละงู,โรงพยาบาลชมุ  ชน,F1,63,2,0,0,0,2,2,0.52,7549,22046,3772,138783
12,สตลู,11403,รพ.ควนกาหลง,โรงพยาบาลชมุ  ชน,F2,33,0,0,0,0,0,1,0.53,3067,9343,1639.31,70941
12,สตลู,11402,รพ.ควนโดน,โรงพยาบาลชมุ  ชน,F2,30,0,0,0,0,0,0,0.5,1946,6019,985,60075
12,สตลู,11404,รพ.ท่าแพ,โรงพยาบาลชมุ  ชน,F2,33,0,0,0,0,0,0,0.5,3161,6791,1603,63916
12,สตลู,11406,รพ.ทุ่งหวา้,โรงพยาบาลชมุ  ชน,F2,30,0,0,0,0,0,1,0.44,3029,7358,1265,60154
12,สตลู,28786,รพ.มะนัง,โรงพยาบาลชมุ  ชน,F3,30,0,0,0,0,0,1,0.42,1779,4149,655,41925
